剧本ID,剧本文件名,剧目名称,剧目别名,全本出处,是否折子戏,时代背景,主题分类,选材来源,具体来源,剧本形态,主要行当,角色-行当映射,主角,地点,主要唱腔声腔,主要板式,唱法备注,剧情简介,备注
hanju_0101,三星归位.pdf,三星归位,,莲台山,否,周代,权斗；复仇；征战,戏曲传统；民间传说,,整理本,三生；八贴；四旦；七小；十杂；一末；五丑,周穆王（三生）；苏银庄（八贴）；贾翠屏（四旦）；王洪（七小）；孟喜（十杂）；刘荣（一末）；贾公道（五丑）；七煞张林（十杂）；雷天豹（七小）,苏银庄,镐京,二黄,二流；导板；摇板,有引子、诗、念白等,苏银庄得胜回朝，遭贾翠屏陷害被周穆王问斩。王洪、孟喜私劫法场，诛杀贾氏父女，并追杀穆王。苏银庄救驾后奉命征讨七煞张林，三人先后被无影箭射死。最终雷天豹斩张林，穆王封神。,文件夹: 商周 | 页数: 28
hanju_0102,临潼斗宝.pdf,临潼斗宝,,伍子胥,是,春秋,征战；权斗；求贤,历史演义；民间传说,,整理本,七小；十杂；五丑；二净；三生；六外；一末,伍员（七小）；秦穆公（十杂）；百里奚（五丑）；柳展雄（二净）；甘英（三生）；楚平王（六外）；伍奢（一末）；姬燕（十杂）；郑庄公（六外）；卫灵公（三生）；燕成公（二净）；齐景公（五丑）；吴姬光（七小）；卞庄（二净）；蒯聩（六外）,伍员,临潼；红雀山；秦邦,西皮,摇板；慢西皮；二流；一字板；垛子,有引子、诗、念白等,秦穆公假周天子诏设临潼斗宝大会，欲灭诸侯。买通柳展雄拦路劫宝，柳被伍员打败结拜，告知阴谋。会上伍员举鼎压服秦将，擒秦穆公，逼其联姻退宝，护送诸侯出关。,文件夹: 商周 | 页数: 34
hanju_0103,伍奢骂相.pdf,伍奢骂相,,伍子胥,是,春秋,权斗；孝义；复仇,历史演义；戏曲传统,汉剧传统剧本《伍子胥》系列之一折,整理本,一末；二净；五丑,伍奢（一末）；费无极（二净）；楚平王（五丑）,伍奢,郢都,西皮,摇板；一字板；流水；导板；慢西皮,有念白、数板,楚平王纳子妻为妾，伍奢上殿力谏，平王怒欲斩之。费无极进谗逼伍奢修书召二子进京同斩，伍奢被迫修书，但信中暗藏反意，寄望儿子起兵复仇。,文件夹: 商周 | 页数: 10
hanju_0104,伍申会.pdf,伍申会,长亭会；路会,伍子胥,是,春秋,复仇；孝义；权斗,历史演义；民间传说,,整理记录本,三生,伍员（三生）；申包胥（三生）,伍员,樊城；吴国,西皮,垛子；快板,,楚平王听信费无极谗言，杀害伍奢、伍尚父子，并派兵捉拿伍员。伍员突围后欲往吴国借兵报仇，路遇出使归来的故友申包胥。伍员哭诉冤仇，申包胥劝阻未果，最终放伍员逃奔吴国。,文件夹: 商周 | 页数: 6
hanju_0105,别母刺僚.pdf,别母刺僚,,伍子胥,是,春秋,孝义；复仇；权斗,历史演义；戏曲传统,,整理本,三生；十杂；七小；九夫；四旦；五丑；一末,伍员（三生）；专诸（十杂）；姬光（七小）；王僚（三生）；专母（九夫）；专妻（四旦）；专毅（七小）；伯嚭（三生）；被离（五丑）；孙武子（一末）；刘小二（五丑）,专诸,吴国,西皮；二黄,散板；摇板；二流；导板,,伍员逃至吴国，与专诸结拜。姬光欲刺王僚夺位，伍员荐专诸。专诸孝母不忍，母自缢断其念。姬光设宴，专诸鱼腹藏剑刺死王僚，自身亦被杀。姬光即位，伍员借兵伐楚复仇。,文件夹: 商周 | 页数: 18
hanju_0106,卧薪尝胆.pdf,卧薪尝胆,,吴越争雄,否,春秋时期,复仇；权斗；求贤,历史演义；民间传说,《史记·越王勾践世家》；宋·苏轼《拟孙权答曹操书》,整理本,一末；三生；四旦；五丑；六外；七小；八贴；九夫；十杂,范蠡（一末）；文种（三生）；勾践（三生）；越妃（四旦）；伯嚭（五丑）；伍员（六外）；西施（八贴）；郑旦（八贴）；夫差（十杂）,勾践,会稽；吴国,二黄；西皮,慢板；二流；倒板；摇板；散板,有导板、狗血等特殊唱法,吴王夫差为报父仇伐越，越王勾践不听劝谏出战大败，被俘后忍辱负重，贿赂伯嚭，尝粪疗疾，终得归国。回国后卧薪尝胆，励精图治，献西施、郑旦迷惑吴王，离间君臣，最终兴兵灭吴雪耻。,文件夹: 商周 | 页数: 48
hanju_0107,反昭关.pdf,反昭关,,伍子胥,是,春秋战国,复仇；权斗；孝义,历史演义；戏曲传统,,整理本,三生；二净；四旦；五丑；十杂,伍员（三生）；申包胥（三生）；费无极（二净）；无祥公主（四旦）；平王（五丑）；伍辛（十杂）；武霸（十杂）,伍员,昭关；樊城,西皮,慢板；垛子；摇板；散板；导板；快板,,楚平王闻伍员兴兵复仇，惊吓而死。无祥公主命申包胥挂帅，武霸为先锋抵御。申包胥念与伍员结拜之情，欲退兵，武霸不允，被伍辛射死。伍员围城，无祥公主坠城，费无极被斩，伍员鞭尸泄恨。,文件夹: 商周 | 页数: 16
hanju_0108,吵改嫁.pdf,吵改嫁,,蝴蝶梦,是,战国,孝义;讽世,戏曲传统;民间传说,庄周系列故事之一，出自《蝴蝶梦》（又名《南华堂》）,整理本,八贴;一末;五丑,贾氏（八贴）；公公（一末）；婆婆（五丑）；桂芳（八贴）,贾氏,,西皮,散板;一字板,,寡妇贾氏欲改嫁，借扇坟事由与公婆吵闹。她打公骂婆、撇子撒野，坚决改嫁而去。公婆与桂芳劝阻无效，最终贾氏不顾一切离去。,文件夹: 商周 | 页数: 12
hanju_0109,哭秦庭.pdf,哭秦庭,,伍子胥,是,春秋,孝义；求贤,历史演义；民间传说,,整理本,三生；七小；十杂,申包胥（三生）；秦哀公（三生）；子蒲（七小）；子虎（十杂）,申包胥,秦国；楚国,二黄；西皮；反调,摇板；垛子；一字板；慢二黄；二流；导板；回龙；反二黄；反二流；滚板；慢西皮,有哭头、拿眼、诗、念等,伍子胥借吴兵伐楚，申包胥为救楚国，赴秦求救。秦哀公不愿发兵，申包胥在秦庭痛哭七日七夜，水米不进，终感动秦王，发兵救楚。,文件夹: 商周 | 页数: 26
hanju_0110,大劈棺.pdf,大劈棺,,蝴蝶梦,是,战国,孝义；情爱；讽世,古典文学；民间传说,明·冯梦龙《警世通言》第二卷《庄子休鼓盆成大道》,整理本,六外；八贴；七小；五丑；四旦,庄周（六外）；田氏（八贴）；王孙（七小）；小二（五丑）；童男（五丑）；童女（四旦）,田氏,南华堂,二黄；平板,二流；摇板；导板；散板；反二流,有引子、诗、哭头等念白形式,庄周为试探妻子田氏贞节，假死并化作楚国王孙前来吊丧。田氏爱慕王孙，欲改嫁，为救王孙心痛之疾，劈棺取庄周脑髓。庄周突然复活，责问田氏，田氏羞愧自尽。,文件夹: 商周 | 页数: 14
hanju_0111,大回朝.pdf,大回朝,,封神榜,是,商周,权斗；征战；讽世,历史演义；民间传说,明·许仲琳《封神演义》相关情节,整理本,二净；十杂；五丑,闻仲（二净）；纣王（十杂）；费仲（五丑）；尤浑（五丑）,闻仲,朝歌,二黄；西皮,导板；二流；数板,满台唱吹腔《朝阳歌》，龙套和之,闻仲征北海得胜回朝，见纣王宠妲己、造炮烙虿盆、害比干姜后、逼反黄家父子，力谏无果，怒打奸臣费仲尤浑，决意去五关搬黄家兵谏。,文件夹: 商周 | 页数: 8
hanju_0112,太极图.pdf,太极图,,封神榜,是,商周,征战；权斗；神魔,历史演义；民间传说；神话宗教,明·许仲琳《封神演义》相关回目,整理记录本,三生；一末；二净；七小；五丑；六外；八贴；九夫；十杂；四旦,赤精子（三生）；姜子牙（一末）；殷洪（二净）；杨戬（七小）；慈航道人（五丑）；黄飞虎（六外）；苏护（三生）；庞弘（六外）；准提佛（九夫代）；杨戬化身（彩旦代）；马元（十杂）；殷洪化身（四旦代）；木吒（七小）；金吒（五丑）；哪吒（八贴代）；申公豹（五丑）,殷洪,太华山；周营；摩石崖,二黄,二流散板；慢二流原板；导板；原板,有引子、诗、念白等,赤精子命弟子殷洪下山助周伐纣，殷洪途中受申公豹蛊惑反投殷商，与姜子牙为敌。申公豹请马元相助，子牙失利。准提佛收服马元，慈航道人借太极图将违誓的殷洪化为飞灰。,文件夹: 商周 | 页数: 18
hanju_0113,子期听琴.pdf,子期听琴,,,否,春秋,求贤；孝义,历史演义；民间传说,,整理本,三生；一末；娃娃生,俞伯牙（三生）；钟子期（一末）；琴童（娃娃生）,俞伯牙；钟子期,汉邑马鞍山,西皮,慢板；摇板；一字板,,晋国大夫俞伯牙赴楚修聘，中秋夜泊舟马鞍山下，抚琴自乐。樵夫钟子期闻声窃听，伯牙邀其登舟共论琴律，引为知己，结为兄弟，相约明年中秋再会。,文件夹: 商周 | 页数: 10
hanju_0114,子期归天.pdf,子期归天,子期冒雨归,,是,春秋,孝义,民间传说,,整理本,一末；九夫,钟子期（一末）；钟元甫（一末）；钟母（九夫）,钟子期,马鞍山,二黄,摇板；导板；二流,,钟子期与俞伯牙马鞍山别后，冒雨还家，因染重病不治而亡。临终前向父母交代后事，嘱托葬于马鞍山，以便俞瑞访查。,文件夹: 商周 | 页数: 4
hanju_0115,度白简.pdf,度白简,,,否,战国,求贤；神魔,民间传说；戏曲传统,,整理本,三生；一末；七小；十杂；六外；贴末,庄周（三生）；白简（一末）；张从（七小）；李荣（贴末）；强盗甲（十杂）；强盗乙（六外）,庄周；白简,南华,二黄；平板,二流；导板,有引子、诗、念白等,庄周下山途中救活被强盗杀死的张从，反被诬告至南华县。庄周在县令白简面前将张从还原白骨，并度化白简出家修仙。,文件夹: 商周 | 页数: 20
hanju_0116,急子回国.pdf,急子回国,二子乘舟,,是,春秋,权斗；孝义；情爱,历史演义；民间传说,《左传·桓公十六年》及《诗经·邶风·二子乘舟》,整理本,二净；四旦；三生；七小；五丑；一末；十杂,卫宣公（二净）；宣姜（四旦）；急子（三生）；子寿（七小）；子朔（五丑）；左公子泄（一末）；右公子职（三生）；万能（十杂）,急子,卫国；莘野,西皮,导板；慢西皮；慢板；二流；散板,有哭头、扎下句等,急子私自回国，得知母死父纳其妻宣姜，忍辱进宫。子朔进谗，卫宣公命急子赴齐，暗遣子朔埋伏莘野截杀。子寿盗旄代死，急子醒后赶至，见弟已亡，愤而自刎。宣姜亦自刎于宣公面前。,文件夹: 商周 | 页数: 36
hanju_0117,战樊城.pdf,战樊城,下家书,伍子胥,是,春秋,复仇；权斗；孝义,历史演义；戏曲传统,,整理本,三生；六外；一末；二净；十杂；九夫；七小；五丑,伍员（三生）；伍尚（六外）；伍奢（一末）；费无极（二净）；武城黑（十杂）；伍太君（九夫）；家将（七小）；下书人（五丑）,伍员,樊城；郢都,西皮,散板；垛子；摇板；快板；一字板；导板,,伍员、伍尚镇守樊城，接父伍奢家书召其回京加官。伍员疑有诈，伍尚独返。伍尚至京，父子被奸相费无极陷害斩首，满门抄斩。伍员闻讯兴兵复仇，与楚将武城黑交战，战败后由养由基暗箭射死武城黑，伍员脱身。,文件夹: 商周 | 页数: 14
hanju_0118,打芦花.pdf,打芦花,单衣顺亲；鞭打芦花,,否,春秋时期,孝义,民间传说,传统民间传说“二十四孝”之一,整理本,六外；四旦；七小；一末；九夫,闵嗣翁（六外）；李氏（四旦）；闵损（七小）；闵华（七小）；李公（一末）；李婆（九夫）,闵损,,四平；二黄；西皮,慢板；二流；倒板；摇板,有引子、诗、哭头等念白形式,闵损继母李氏用芦花为其做棉衣，亲生子则用丝绵。闵父发现后欲休妻，闵损跪求父亲留下继母，以保全家庭和睦，终感动继母与父亲，全家团圆。,文件夹: 商周 | 页数: 28
hanju_0119,扳瑶琴.pdf,扳瑶琴,扳琴；碎琴,,是,春秋,孝义；情爱,历史演义；民间传说,,整理本,三生；一末；娃娃生,俞伯牙（三生）；钟元甫（一末）；童儿（娃娃生）,俞伯牙,汉邑马鞍山,二黄,三眼；二流；摇板,有引子、诗、哭头、狗血等念白形式,晋大夫俞伯牙赴约中秋，再访马鞍山寻知音钟子期，遇其父钟元甫，方知子期已忧思成疾而亡。伯牙携琴至坟前祭奠，悲恸中扳碎瑶琴，誓不再弹，并赠金赡养其父母。,文件夹: 商周 | 页数: 10
hanju_0120,挡幽王.pdf,挡幽王,,,否,西周,权斗,历史演义,,整理本,三生；二净；四旦,申侯（三生）；周幽王（二净）；褒姒（四旦）,申侯,骊山,西皮,慢垛子；导板；一字板,,犬戎入侵，周幽王与褒姒逃至骊山，被申侯阻拦。申侯斥责其十大罪恶，幽王与褒姒哀求，申侯终放其逃走。,文件夹: 商周 | 页数: 6
hanju_0121,搜孤救孤.pdf,搜孤救孤,,八义图,是,春秋,孝义；复仇,历史演义；戏曲传统,元·纪君祥《赵氏孤儿》,整理本,一末；六外；八贴；十杂,公孙杵臼（一末）；程婴（六外）；程妻（八贴）；屠岸贾（十杂）,程婴,晋国,二黄；西皮,摇板；慢板；一字板；二流,,晋景公时，屠岸贾残害赵盾全家，赵朔之妻庄姬将孤儿赵武藏于宫中。程婴与公孙杵臼定计，程婴舍子、公孙杵臼舍命，程婴假意告发，屠岸贾杀死程子与公孙杵臼，孤儿得以保全。,文件夹: 商周 | 页数: 20
hanju_0122,文昭关.pdf,文昭关,,伍子胥,是,春秋,复仇；孝义；求贤,历史演义；戏曲传统,,整理本,一末；三生；十杂,东皋公（一末）；伍员（三生）；皇甫讷（三生）；米南洼（十杂）,伍员,昭关,西皮；二黄,慢板；二流；摇板；导板；一字板,有引子、诗、哭头等念白形式,伍员全家被楚平王所害，逃至昭关被阻，得隐士东皋公藏于后园。因焦虑一夜须发皆白，东皋公使友人皇甫讷乔扮伍员出关被擒，伍员趁机混出昭关，前往吴国借兵报仇。,文件夹: 商周 | 页数: 16
hanju_0123,文王吐子.pdf,文王吐子,,封神榜,是,商周,孝义；权斗；神魔,历史演义；民间传说；神话宗教,明·许仲琳《封神演义》,整理本,一末；三生；二净；六外,姬昌（一末）；姬发（三生）；雷震子（二净）；散宜生（六外）；南宫适（二净）；黄飞虎（六外）；云中子（三生）,姬昌,羑里；西岐；朝歌,西皮,导板；慢板；散板；一字板,有引子、诗、哭头等念白形式,西伯侯姬昌被纣王囚于羑里，长子伯邑考被害并被做成肉饼逼姬昌吞食。散宜生设计贿赂费仲、尤浑使姬昌获释，黄飞虎助其连夜出逃。纣王派兵追赶，雷震子奉师命救父回西岐，姬昌悲愤呕出子肉。,文件夹: 商周 | 页数: 20
hanju_0124,斩三妖.pdf,斩三妖,,封神榜,是,商周,神魔;征战;复仇,古典文学;民间传说,明·许仲琳《封神演义》,整理本,四旦;二净;一末;九夫;八贴;七小;十杂,苏妲己（四旦）；商纣王（二净）；姜子牙（一末）；女娲圣母（九夫）；九头雉鸡精（八贴）；玉石琵琶精（八贴）；哪吒（七小）；韦护（七小）；杨戬（七小）；雷震子（十杂）,苏妲己,朝歌,西皮,慢板;摇板;快板;导板;垛子,有引子、诗、念白等形式,周武王兵围朝歌，姜子牙率众将讨战。商纣王无力对敌，妲己、琵琶精、雉鸡精出战，姜子牙众将不敌。后在女娲圣母帮助下擒获三妖，妲己斩而不死，姜尚请来陆压道人用鹅毛宝刀斩之。,文件夹: 商周 | 页数: 20
hanju_0125,杨戬打刀.pdf,杨戬打刀,毛国贞打铁,,否,商周,孝义；讽世,民间传说；戏曲传统,,整理本,五丑；八贴；七小；九夫；十杂,毛国贞（五丑）；毛妻（八贴）；杨戬（七小）；妖怪（九夫）；牛魔王（十杂）；假拐李（五丑）；铁匠（五丑）,毛国贞；杨戬,煤山,二黄,摇板；原板；二流,,铁匠毛国贞因招牌自称“件件皆通”，二郎神杨戬前来打三尖两面七星八卦九扣连环刀救母。毛国贞夫妇百般刁难，先后索要金炭、牛魔金角、百两银子和百年期限，杨戬一一办到并限三天交刀。毛国贞无奈求炉头祖师相助，终将刀打成。,文件夹: 商周 | 页数: 18
hanju_0126,桃木剑.pdf,桃木剑,,封神榜,是,商周,神魔；权斗,古典文学；民间传说,明·许仲琳《封神演义》相关情节,整理本,三生；二净；四旦,云中子（三生）；纣王（二净）；妲己（四旦）,云中子,朝歌,西皮,慢板；垛子；摇板；一字板；导板,,道士云中子见妖风知是狐妖妲己乱商，往朝歌献桃木剑于纣王，嘱悬宫门斩妖。妲己诈病惑纣王，焚毁桃木剑，云中子除妖未果。,文件夹: 商周 | 页数: 8
hanju_0127,桑园逼封.pdf,桑园逼封,,钟无盐,是,战国,求贤;权斗,历史演义;民间传说,汉·刘向《列女传》;元·郑光祖《丑齐后无艳连环》,整理本,二净;一末;跷旦,齐宣王（二净）;晏平仲（一末）;钟离春（跷旦）,钟离春,齐都;桑园,二黄,摇板;二流;平板,,齐宣王夜梦金钟托梁，晏平仲圆梦为吉兆，劝其郊外射猎访贤。宣王追白兔至桑园，遇丑女钟离春。离春以才学对答，逼宣王封其为正宫，并以蓝田玉带为聘，枣木梳为回聘，约定五月五日迎娶。,文件夹: 商周 | 页数: 22
hanju_0128,楚皇宫.pdf,楚皇宫,楚宫抚琴,,是,春秋战国,权斗；孝义；情爱,历史演义；民间传说,,整理本,四旦；五丑；七小,无祥公主（四旦）；楚平王（五丑）；芊建（七小）,无祥公主,楚皇宫,西皮,散板；数板；摇板；慢板；垛子,,楚平王强纳其子芊建之妻无祥公主为妃。一日平王外出，无祥在宫中抚琴，太子芊建前来问安，两人互诉衷肠，约定平王死后成婚，并以九龙玉环为信。平王回宫撞见芊建，责问无祥，无祥反责平王父纳子妻，欲碰宫寻死，平王只得赔礼了事。,文件夹: 商周 | 页数: 14
hanju_0129,武昭关.pdf,武昭关,,伍子胥,是,春秋,征战；孝义,历史演义；戏曲传统,,整理本,三生；四旦；十杂,伍员（三生）；马昭仪（四旦）；卞庄（十杂）,伍员,郑国；鱼禅寺,二黄；西皮,导板；二流；散板,有导板、二流、散板等板式,伍员保马昭仪母子逃出郑国，被卞庄围困于鱼禅寺。马昭仪将幼主托付伍员后跳井自尽，伍员怀抱孤儿突围而去。,文件夹: 商周 | 页数: 6
hanju_0130,武王伐纣.pdf,武王伐纣,,封神榜,是,商周,征战;孝义;求贤,历史演义;民间传说,,整理本,七小;一末;六外;三生,周武王（七小）；姜子牙（一末）；伯夷（六外）；叔齐（三生）,周武王,首阳山;朝歌;西岐,西皮,慢板;摇板,,周武王奉父王遗诏伐纣，伯夷、叔齐拦马阻谏，以臣不可伐君为由。姜子牙细数纣王罪状，武王决意出兵，伯夷、叔齐无奈退回首阳山。,文件夹: 商周 | 页数: 10
hanju_0131,浣纱河.pdf,浣纱河,,伍子胥,是,春秋,复仇；孝义,历史演义；民间传说,,整理本,三生；五丑；四旦,伍员（三生）；渔翁（五丑）；马玉娥（四旦）,伍员,界河；沙河,西皮,一字板；摇板；散板,,伍员逃出昭关，途经界河得渔翁引渡，因担心追兵走漏消息折返嘱咐，渔翁受辱投水。行至沙河，浣纱女马玉娥周济饭食，伍员再次叮嘱，马玉娥为明心迹投水自尽。,文件夹: 商周 | 页数: 8
hanju_0132,清河桥.pdf,清河桥,,,是,春秋,征战；权斗,历史演义；戏曲传统,,整理本,三生；二净；十杂；七小,楚庄王（三生）；斗越椒（二净）；斗贲皇（十杂）；养由基（七小）,养由基,郢都；清河桥,西皮,垛子；一字；摇板；慢西皮,,春秋时，楚庄王平陆浑之乱，佞臣斗越椒趁机造反。庄王归国途中被越椒父子挡道，兵败后出榜招贤。勇士养由基应征，屡败叛军，最终在清河桥比箭射死斗越椒，平定叛乱。,文件夹: 商周 | 页数: 16
hanju_0133,渭水河.pdf,渭水河,文王访贤,封神榜,是,商周,求贤,历史演义;民间传说,宋元《武王伐纣平话》,整理本,三生;一末;五丑;十杂,姬昌（三生）；散宜生（三生）；姜子牙（一末）；清风（五丑）；明月（十杂）；武吉（五丑）,姬昌;姜子牙,西岐;渭水河,二黄;西皮,二黄三眼;二流;西皮导板;慢西皮;西皮摇板;快板;撩子,有引子、诗、赞子、渔歌等念白形式,周文王姬昌夜梦飞熊入帐，散宜生圆梦为得贤臣之兆。文王郊外围猎，遇武吉引见渭水河边直钩垂钓的姜子牙。二人相谈甚欢，文王筑台拜姜子牙为帅，共图灭商大业。,文件夹: 商周 | 页数: 12
hanju_0134,湘江会.pdf,湘江会,,钟无盐,是,战国,权斗；征战,历史演义；民间传说,,整理本,五丑；跷旦；七小；一末；十杂；六外,齐宣王（五丑）；钟无盐（跷旦）；田伦（七小）；管氏（跷旦）；魏王（一末）；吴起（十杂）；孙操（六外）；姬燕（十杂）,钟无盐,湘江,西皮,快板；摇板；导板；慢板；一字板；垛子,有引子、诗、念白等,魏王设宴湘江邀齐宣王赴会，暗伏吴起等欲害之。齐后钟无盐识破计谋，陪王赴会。席间钟无盐先与吴起比箭，乘隙射死魏王，继而激战吴起，保护齐宣王脱险。,文件夹: 商周 | 页数: 14
hanju_0135,火烧琵琶精.pdf,火烧琵琶精,,封神榜,是,商周,神魔；权斗；复仇,古典文学；民间传说,明·许仲琳《封神演义》第十六回至第十七回,整理本,一末；八贴；五丑；二净,姜子牙（一末）；琵琶精（八贴）；地保（五丑）；比干（一末）；纣王（二净）；妲己（八贴）,姜子牙,朝歌,西皮,慢西皮；西皮摇板；小导板,,姜子牙在朝歌开卦棚，琵琶精前来试探，被子牙识破并打倒在地。地保报官，比干带子牙上殿面君。子牙当殿火烧琵琶精现出原形，并献坤木剑除妖。妲己怀恨在心，假装患病进谗言欲害子牙，子牙遁去。,文件夹: 商周 | 页数: 10
hanju_0136,焚绵山.pdf,焚绵山,,,是,春秋,孝义；求贤；讽世,历史演义；民间传说,,整理本,三生；一末；九夫；十杂；六外,介子推（三生）；解张（一末）；介母（九夫）；晋文公（三生）；魏犨（十杂）；颠颉（六外）,介子推,绵山,西皮,慢板；导板；二流；散板,有引子、诗、扎下句等,春秋时，介子推随晋文公重耳流亡十九年，有割股之功。文公还国行赏，子推耻于争功，携母隐居绵山。文公寻访不得，听解张之言火烧绵山逼其出，子推宁死不出，母子被烧死。,文件夹: 商周 | 页数: 10
hanju_0137,牛脾山.pdf,牛脾山,掘地见母；孝感天,,否,春秋,孝义；权斗,历史演义；古典文学,《左传》；《东周列国志》第四回,整理本,一末；三生；七小；九夫；六外；二净,颖考叔（一末）；寤生（三生）；太叔段（七小）；姜氏（九夫）；祭足（六外）；公子吕（二净）,寤生,荥阳；京城；牛脾山,西皮,导板；一字板,,郑庄公寤生因母姜氏偏爱弟太叔段，母子反目，发誓不及黄泉不相见。颍考叔以枭鸟讽谏，献计掘地见母，终使母子团圆。,文件夹: 商周 | 页数: 32
hanju_0138,王翦探营.pdf,王翦探营,,列国戏,是,战国,征战,历史演义,,整理本,二净；十杂,王翦（二净）；袁达（十杂）,王翦,燕国,二黄,导板；二流；摇板；二流原板；马蹄调；二黄三眼,包含导板、二流、摇板、原板、马蹄调、三眼等多种板式,秦王命王翦伐燕，王翦巡营防范偷袭。燕将袁达奉孙百灵锦囊计行刺，被王翦察觉，交战不敌，依计逃往赵国，王翦收兵不追。,文件夹: 商周 | 页数: 6
hanju_0139,碧游宫.pdf,碧游宫,,封神榜,是,商周,征战；神魔；复仇,古典文学；民间传说,明·许仲琳《封神演义》相关回目,整理本,六外；十杂；七小；五丑；四旦；一末；三生；二净；跷旦,胡升（六外）；胡雷（十杂）；洪锦（七小）；哪吒（五丑）；木吒（四旦）；金吒（七小）；姜子牙（一末）；龙吉公主（四旦）；火灵圣母（跷旦）；广成子（三生）；申公豹（二净）；惧留孙（五丑）；庞文（六外）,广成子,佳梦关；碧游宫,西皮,慢板；散板；一字板,有念白、诗、引子等,姜子牙率周营攻打佳梦关，胡雷九命屡斩不死，被龙吉公主用定海神针杀死。其师火灵圣母报仇，被广成子打现原形。广成子至碧游宫请罪，遭龟灵圣母阻拦，用翻天印将其打现原形，庞文大怒摆诛仙阵。,文件夹: 商周 | 页数: 20
hanju_0140,穷途吟.pdf,穷途吟,,,是,春秋,求贤;讽世,古典文学;历史演义,《论语·微子》,整理本,一末;二净;七小,荷筱丈人（一末）；仲由（二净）；长子（七小）；次子（七小）,仲由,南阳邺县,西皮;二黄,慢板;摇板,,子路随孔子周游列国，迷路遇隐士荷筱丈人，借宿其家。子路感叹奔波无成，深夜难眠，追忆往事。次日辞别，继续寻师。,文件夹: 商周 | 页数: 8
hanju_0141,草场会.pdf,草场会,,钟无盐,是,战国,征战；复仇；权斗,历史演义；民间传说,,整理本,十杂；一末；六外；七小；跷旦,吴起（十杂）；孙操（一末）；廉颇（六外）；姬燕（十杂）；田伦（七小）；管氏（跷旦）,吴起,草场；葭萌关,二黄；西皮,慢板；二流；倒板；摇板,有清水令、折桂令、步步娇、江儿水、雁儿落、收江南等曲牌,齐后钟无盐诈死，吴起趁机联合姬燕、廉颇、孙操在草场聚会，共谋伐齐。吴起夺得帅印，率军攻打葭萌关，擒获齐将田伦、管氏，齐国大败。,文件夹: 商周 | 页数: 12
hanju_0142,莲台收妃.pdf,莲台收妃,,莲台山,是,周代,征战；权斗；求贤,历史演义；民间传说,,整理本,三生；八贴；一末；七小；十杂,周穆王（三生）；苏银庄（八贴）；刘荣（一末）；刘玉（七小）；亚里寿（十杂）,苏银庄,莲台山；庆阳,西皮,散西皮；慢西皮；西皮导板；西皮摇板；西皮一字板；西皮慢垛子,全剧以西皮为主，无二黄,周穆王游猎莲台山，收苏银庄为后。北海国遣亚里寿携铁胎弓挑衅，称无人开弓即反。苏银庄扭断铁弓，斩杀亚里寿，保周室尊严。,文件夹: 商周 | 页数: 22
hanju_0143,豫让吞炭.pdf,豫让吞炭,豫让桥,,否,春秋战国,复仇；孝义；权斗,历史演义；古典文学,《战国策·赵策一》《史记·刺客列传》；元·杨梓《忠义士豫让吞炭》,整理本,三生；十杂；二净；五丑；七小；一末；六外；九夫；四旦,豫让（三生）；智瑶（十杂）；韩虎（二净）；魏驹（五丑）；赵无卹（七小）；张孟谈（一末）；智国（六外）；豫让母（九夫）；豫让妻（四旦）,豫让,晋阳,西皮,一字板；导板；摇板,有引子、诗、念白、叫头等,晋国智伯瑶被赵、韩、魏联合击败身亡，其家臣豫让为报知遇之恩，漆身吞炭，两次行刺赵襄子未遂。最终求得赵襄子衣服，击剑斩衣后自刎，留下“士为知己者死”的典故。,文件夹: 商周 | 页数: 28
hanju_0144,贾氏扇坟.pdf,贾氏扇坟,,蝴蝶梦,是,战国,讽世,古典文学;民间传说,明·冯梦龙《警世通言》第二卷《庄子休鼓盆成大道》,整理本,六外;八贴;九夫,庄周（六外）；贾氏（八贴）；大头鬼（九夫）,庄周;贾氏,荒郊,西皮,导板;慢板;散板;慢一字,有哭头,庄周修行得道，郊外见新坟旁有寡妇贾氏扇坟，问知因丈夫遗言坟干方可改嫁。庄周代扇干坟土，贾氏反复挑逗，庄周不为所动，收扇离去，归家后以此试探妻子田氏。,文件夹: 商周 | 页数: 8
hanju_0145,越椒逼印.pdf,越椒逼印,,,否,春秋,权斗；复仇,历史演义,,整理本,二净；十杂；一末；四旦；七小,斗越椒（二净）；斗贲皇（十杂）；艹为贾（一末）；夫人（四旦）；公子（七小）,斗越椒,郢都,西皮,一字板；垛子；撩子,,楚令尹斗越椒被摘兵符印信，移恨司马艹为贾。趁庄王征陆浑未归，假邀艹为贾赴宴强索兵符，艹为贾不允，越椒父子将其刺死，搜走印信，随后起兵拦截庄王归途。,文件夹: 商周 | 页数: 12
hanju_0146,金蛟剪.pdf,金蛟剪,财神归位,,否,商周,征战；神魔,古典文学,明·许仲琳《封神演义》,整理本,十杂；二净；一末；三生；五丑；七小,赵公明（十杂）；闻仲（二净）；姜子牙（一末）；燃灯（三生）；陆压（十杂）；萧升（五丑）；曹宝（五丑）；杨戬（七小）；哪吒（七小）,赵公明,峨眉山；三霄洞；岐山,二黄,导板；慢板；二流；散板,有引子、诗、赞子、牌子等念白形式,赵公明受闻仲激将下山助商，与姜子牙交战，先胜后因定海神珠被收，向三霄借金蛟剪。姜子牙得陆压相助，以桃木弓柳木箭射死赵公明，赵公明最终归位封神。,文件夹: 商周 | 页数: 20
hanju_0147,闹朝扑.pdf,闹朝扑犬,,八义图,是,战国,权斗；复仇；孝义,历史演义；戏曲传统,传统汉剧《八义图》（又名《赵氏孤儿》）,整理本,十杂；一末；二净；七小；四旦；六外；五丑；八贴,屠岸贾（十杂）；赵盾（一末）；晋侯（二净）；赵朔（七小）；德安公主（四旦）；程婴（六外）；提弥明（十杂）；韩厥（五丑）；裴豹（十杂）；范公公（一末）；春来（八贴）；獒奴（五丑）,程婴,晋国,二黄；西皮,慢板；二流；倒板；摇板；散板,有扑灯蛾、哭头等念白形式,晋国奸臣屠岸贾训练灵獒扑咬相国赵盾，并诬其谋反，抄斩赵氏满门。赵朔被赐死，临终托孤于医人程婴。程婴设计将赵氏孤儿藏于药箱，在韩厥掩护下带出宫去，为赵家留下复仇血脉。,文件夹: 商周 | 页数: 14
hanju_0148,阴五雷.pdf,阴五雷,,,是,战国,征战;神魔,历史演义;民间传说,,整理本,七小;六外;二净;十杂;五丑;一末,燕丹王（七小）;孙膑（六外）;王翦（二净）;海道灵（十杂）;毛贲（十杂）;金眼猴（五丑）;太上老君（一末）;洪钧老祖（十杂）;孙燕（七小）,孙膑,燕国,西皮,慢板;导板;散板;扎上句,,秦国大将王翦兵吞六国，孙膑迎战，用沉香拐打败王翦。王翦向师父海道灵求救，海道灵派毛贲摆下阴五雷阵，摄走孙膑三魂七魄。金眼猴下山相助，盗来还魂丹和太极图，将阴五雷改为阳五雷，助孙膑打败毛贲。,文件夹: 商周 | 页数: 20
hanju_0149,阴回朝.pdf,阴回朝,,封神榜,是,商周,权斗；神魔；讽世,历史演义；神话宗教,《封神演义》相关情节,整理本,二净；二净,纣王（二净）；闻仲（二净）,闻仲,朝歌,二黄；反调,二流；二黄导板,以唱[马蹄调]头子、[反调]为特色,闻仲在绝龙岭战死后阴魂不昧，托梦纣王，陈说战争经过并列举纣王十大过失，劝其改过自新以免亡国。,文件夹: 商周 | 页数: 4
hanju_0150,阴陵会母.pdf,阴陵会母,,八义图,是,春秋,复仇；孝义；权斗,历史演义；戏曲传统,传统汉剧列国戏《八义图》（又名《赵氏孤儿》）,整理本,十杂；娃娃生；四旦；六外；八贴；五丑；一末；二净,灵辄（十杂）；赵武（娃娃生）；德安公主（四旦）；程婴（六外）；程妻（八贴）；韩厥（五丑）；范公公（一末）；屠岸贾（二净）,赵武；德安公主；程婴,阴陵；盂山,二黄；西皮,慢板；二流；倒板；摇板；散板,,赵武（程勃）打猎至阴陵，偶遇守墓生母德安公主，公主误认其为仇人之子将其逐出。程婴得知后赴阴陵说明舍子救孤真相，母子相认。最终赵武在众人相助下斩杀屠岸贾，为赵氏报仇。,文件夹: 商周 | 页数: 20
hanju_0151,青石岭.pdf,青石岭,,莲台山,是,周朝,征战；权斗；孝义,历史演义；戏曲传统,,整理本,跷旦；四旦；五丑；七小；十杂；一末；三生；二净,苏银庄（跷旦）；贾翠屏（四旦）；贾公道（五丑）；王洪（七小）；孟喜（十杂）；李开昌（一末）；伍茂（三生）；雷天豹（七小）；崇有南（二净）,苏银庄,青石岭；草球关,西皮,散西皮；西皮一字板；西皮导板；西皮摇板,有垛子、导板、摇板等板式变化,北海国青石岭守将王洪反周，苏银庄受西宫贾翠屏激将，身怀六甲出征。阵前产子后，背子战败王洪，收降之。又用王洪计收服草球关孟喜，班师回朝。,文件夹: 商周 | 页数: 22
hanju_0152,首阳归位.pdf,首阳归位,,封神榜,是,商周,孝义；求贤,历史演义；民间传说,,整理本,六外；三生；五丑,伯夷（六外）；叔齐（三生）；太白金星（三生）；樵子（五丑）,伯夷；叔齐,首阳山；朝歌,西皮；反二黄,慢板；导板；垛子；摇板；数板,有反二黄摇板；西皮导板转垛子；小导板等,武王伐纣灭商，伯夷、叔齐耻食周粟，隐居首阳山采薇度日。太白金星化身樵夫点化，二人终不食周粟冻饿而死，后被度化归入仙班。,文件夹: 商周 | 页数: 18
hanju_0153,麦里赠金.pdf,麦里赠金,,,是,商周,孝义;求贤,戏曲传统,,整理本,七小;五丑;四旦;一末;十杂;三生;六外,李平志（七小）；赵公迟（五丑）；李妻（四旦）；周公迟（一末）；迎风（十杂）；县令（三生）；家院（六外）,赵公迟;李平志,勇县,西皮,摇板;慢板;一字板,,荒旱年间，赵公迟开仓济贫，李平志借麦二斗，赵暗藏黄金于麦内相赠。李妻发现金子，疑其来路不明，李请赵对质未果，二人同往见官。周公迟审理问明原委，赞赵仁义，并赐金鼓励李平志攻读。,文件夹: 商周 | 页数: 14
hanju_0154,黄金诰.pdf,黄金诰,,,是,春秋,求贤;神魔,历史演义;民间传说,,整理本,三生;二净;四旦;七小,玉皇大帝（三生）;赐福天官（三生）;赠福财神（二净）;萧史真人（三生）;陈宝夫人（四旦）;秦穆公（三生）;白乙丙（七小）,秦穆公,秦邦,西皮,摇板;导板;一字板;二流,,秦穆公龙门山战败，御库空虚。玉皇大帝命赐福天官、赠福财神前往秦邦赠送金银，又命萧史真人引弄玉公主上天，陈宝夫人引秦穆公阳魂发白转少。秦穆公得金银后大喜，建庙供奉星君。,文件夹: 商周 | 页数: 10
hanju_0155,齐王昏殿.pdf,齐王昏殿,,钟无盐,是,战国,征战；求贤,历史演义；民间传说,,整理本,二净；一末；七小,齐王（二净）；晏平仲（一末）；探子（七小）,齐王,齐都,二黄,慢三眼；散板；二流；摇板；平板；小导板,有赞子、扑灯蛾等念白形式,齐宣王听谗绞死钟无盐，吴起联合秦鲁攻齐。齐王无人应战，急召晏平仲。晏以锦囊暗示无盐尚在，并劝齐王亲往迎请无盐挂帅退敌。,文件夹: 商周 | 页数: 10
hanju_0201,三拉堂.pdf,三拉团圆,奇双会,贩马记,是,明代,孝义；复仇；权斗,戏曲传统,,整理记录本,七小；四旦；三生；一末；二净；五丑,赵宠（七小）；李桂枝（四旦）；李保童（三生）；李奇（一末）；胡老爷（二净）；门子（五丑）,李桂枝；李保童；赵宠,襄城,二黄；四平调,慢板；二流；摇板,有哎相思、四平调等,李保童任八府巡按，在察院接状，发现告状人竟是失散多年的姐姐李桂枝。姐弟相认后，李保童提审被冤入狱的父亲李奇，查明真相，惩治赃官，一家团圆。,文件夹: 秦汉 | 页数: 11
hanju_0202,不服老.pdf,不服老,,,否,宋代,求贤；孝义；讽世,戏曲传统,,整理本,一末；二净；三生；七小,梁涵（一末）；董伯（二净）；梁栋（三生）；梁连（七小）,梁涵,京城,平板,平板,有引子、诗、念白等形式,梁涵中状元后拒受官诰，其子梁栋请同年董伯劝解。梁涵以年老自居，与董伯斗酒、猜谜、论诗，最终被说服，骑马上朝。,文件夹: 秦汉 | 页数: 11
hanju_0203,写状.pdf,写状,,贩马记,是,明代,孝义；情爱,戏曲传统,,整理本,七小；八贴,赵宠（七小）；李桂枝（八贴）,李桂枝,襄城,二黄；四平调,摇板；倒板；四平调,,李桂枝闻南牢哭声，得知父亲李奇蒙冤待斩。丈夫赵宠归衙，桂枝哭诉冤情，赵宠查看招详后告知秋后处决。桂枝欲拦马告状，赵宠为其代写状纸，夫妻二人商议救父之策。,文件夹: 秦汉 | 页数: 14
hanju_0204,南山捡子.pdf,南山捡子,,,否,秦末汉初,孝义；讽世,民间传说,,整理记录本,五丑；八贴,项环（五丑）；项妻（八贴）,项环,南山,西皮,摇板；数板；夫子,有念白、数板、夫子等,樵夫项环与妻无子，上山砍樵时遇虎衔一婴孩，项环救下并谎称自己怀孕生子，与妻百般戏谑，最终收养该子，取名霸王。,文件夹: 秦汉 | 页数: 9
hanju_0205,双尽忠.pdf,双尽忠,,,否,周朝,忠义；权斗；复仇,历史演义；民间传说,,整理本,三生；七小；二净；四旦；五丑；六外；八贴；十杂,李广（三生）；李文（七小）；石彦龙（二净）；杨国母（四旦）；李福（五丑）；守城官（六外）；李文妻（八贴）；石彦虎（十杂）,李广,庆阳,二黄,导板；摇板；散板,全剧无西皮；有导板、摇板、散板等板式,周朝时，西凉进献毛冠女，周天子听信谗言欲斩杨国母。李广回京保本不准，与弟李文私劫法场，救出国母。石彦龙兄妹进谗，天子命抄杀李府。李广、李文杀妻保母，最终李文战死，李广保国母突围。,文件夹: 秦汉 | 页数: 28
hanju_0206,反八卦.pdf,反八卦,,西汉演义,否,西汉末年,权斗；孝义；复仇,历史演义；民间传说,,整理本,二净；三生；六外；八贴；四旦；五丑；七小；十杂,王莽（二净）；徐世英（三生）；柴文进（六外）；杜氏（八贴）；王主母（四旦）；苏献（五丑）；揭谛神（七小）；达摩祖师（十杂）,柴文进；杜氏,长安,西皮,摇板；倒板；慢板；小导板,有牌子、丝弦、丝纺等伴奏形式,王莽毒死汉平帝篡位，欲杀女儿王主母。柴文进保奏将其打入冷宫，并与徐世英赌头算卦。柴妻杜氏用己女换出太子，三次藏匿幼主，最终与徐世英决斗，被达摩祖师收去。,文件夹: 秦汉 | 页数: 37
hanju_0207,吃糟糠.pdf,吃糟糠,,琵琶记,是,东汉传说,孝义,古典文学,元·高明《琵琶记》第二十一出《糟糠自厌》,整理记录本,四旦；一末；五丑,赵五娘（四旦）；蔡公（一末）；蔡婆（五丑）；张广才（一末）,赵五娘,陈留,二黄,慢板；二流,全剧无西皮；有引子、诗、哭头等念白形式,陈留郡干旱三载，赵五娘独自侍奉公婆，以糠秕充饥。婆婆疑其私藏好食，窥见真相后悲悔气绝。张广才闻讯相助料理后事。,文件夹: 秦汉 | 页数: 10
hanju_0208,哭监.pdf,器监,,,否,汉代,孝义；复仇,戏曲传统,,整理本,四旦；一末；五丑；六外,李桂枝（四旦）；李奇（一末）；禁子（五丑）；院子（六外）,李桂枝；李奇,襄城县,二黄；西皮,摇板；倒板；二流,有滚板,李奇被继母杨氏诬陷入狱，受刑后深夜悲啼。新任县令之妻李桂枝闻声提审，发现老囚竟是失散多年的父亲。桂枝欲待丈夫回衙后为父伸冤。,文件夹: 秦汉 | 页数: 7
hanju_0209,太行山.pdf,太行山,,,否,东汉,复仇；权斗,历史演义；戏曲传统,,整理本,十杂；六外,姚刚（十杂）；王英（六外）,姚刚,太行山,二黄,倒板；二流,,姚刚因父被斩反上太行山为王。王英上山劝其报杀父之仇，姚刚因禁令不提汉刘而责打王英。王英屡次提及汉刘，姚刚终被感动，二人共商复仇大计。,文件夹: 秦汉 | 页数: 8
hanju_0210,夺魁元.pdf,夺元,,,否,西汉末年,权斗；求贤,历史演义；戏曲传统,,整理本,十杂；六外；三生；五丑；二净,马武（十杂）；崔彭（六外）；王莽（二净）；王奉（三生）；胡干（五丑）；刘秀（三生）,马武；崔彭,长安,二黄,摇板；散板,,王莽设武科选状元，崔彭与马武各展武艺、策略、箭法、刀枪，难分高下。王莽以举铜鼎定胜负，崔彭先举，马武后举亦成，但王莽嫌马武面相不佳，将其赶出教场，点崔彭为状元。马武愤而离去。,文件夹: 秦汉 | 页数: 9
hanju_0211,宇宙锋.pdf,宇宙锋,金殿装疯,,否,秦末,权斗；孝义；讽世,戏曲传统；民间传说,,整理本,四旦；二净；三生；八贴,赵艳容（四旦）；赵高（二净）；秦二世（三生）；哑乳娘（八贴）,赵艳容,咸阳,西皮；二黄,摇板；散板；反二流；夹板,有反调（反二流）,秦二世胡亥欲纳赵高之女赵艳容为妃，赵艳容不从，在哑乳娘帮助下装疯，于金殿上嬉笑怒骂，终使二世信以为真，得以保全清白。,文件夹: 秦汉 | 页数: 9
hanju_0212,广武山.pdf,广武山,,,否,秦末汉初,征战；权斗；求贤,历史演义；戏曲传统,,整理本,三生；二净；一末；六外；七小；十杂,韩信（三生）；项羽（二净）；刘邦（一末）；张良（六外）；项伯（七小）；钟离昧（十杂）；宋子年（五丑）；太公（九夫）,韩信,广武山；荥阳；彭城,西皮,原板；一字板；慢板；导板；散板,有引子、诗、牌子等,楚汉相争，刘邦被困荥阳，太公、吕后被项羽所擒。韩信受命整顿人马，与项羽在广武山决战。项羽命太公修书劝降，刘邦用张良计假意示弱。韩信调兵遣将，最终击败项羽，救回太公。,文件夹: 秦汉 | 页数: 17
hanju_0213,打城隍.pdf,打城隍,,,否,秦,讽世,民间传说,,整理本,五丑；六外；七小,毛老大（五丑）；毛老二（六外）；毛老三（七小）；公差甲（五丑）；公差乙（五丑）,毛老大,城隍庙,,,全剧以念白、赞子为主，无唱腔,秦始皇修长城捉拿懒民，毛氏三兄弟为逃避徭役躲进城隍庙，分别扮作城隍、判官、小鬼。公差前来许愿捉拿三人，因未果而殴打神像，最终识破伪装，将毛老大锁拿。,文件夹: 秦汉 | 页数: 8
hanju_0214,扫青松.pdf,扫青松,,琵琶记,是,东汉传说,孝义；讽世,古典文学,元·高明《琵琶记》,整理记录本,一末；五丑,张广才（一末）；李旺（五丑）,张广才,陈留,平板,平板导板；平板；一字板,有引子、诗、念白等,张广才受托看守蔡公蔡婆坟墓，遇李旺奉蔡伯喈之命来接家眷。张广才痛斥蔡伯喈三不孝，并托李旺传话，表达对蔡伯喈忘本行为的愤慨。,文件夹: 秦汉 | 页数: 13
hanju_0215,拷吉平.pdf,血诏带,,,否,东汉末年,权斗；复仇；忠义,历史演义,明·罗贯中《三国演义》第二十回至第二十四回,整理本,二净；三生；四旦；六外；七小；十杂,曹操（二净）；董承（三生）；吉平（六外）；王子服（七小）；马腾（十杂）；吴子兰（七小）；董妃（四旦）；献帝（三生）；苗庆（五丑）,董承；吉平,许昌,二黄；西皮,摇板；原板；快板；散板,,汉献帝赐血诏与董承，密令除曹操。董承联合王子服、马腾、吴子兰、吉平共谋。吉平借医病下毒，事泄被捕，受刑不屈触阶死。苗庆告密，董承等被杀，董妃被逼死。曹操斩苗庆，发兵西凉。,文件夹: 秦汉 | 页数: 16
hanju_0216,探五阳.pdf,探五阳,,,否,东汉,复仇；求贤；征战,历史演义；民间传说,,整理本,七小；八贴；六外,王英（七小）；天仙公主（八贴）；卢安公主（八贴）,王英,洛阳；二龙山；棘阳；昆阳；湖阳,二黄；西皮,慢板；二流；倒板；摇板；散板,有导板、摇板、二流等板式,王英因父被光武帝所辱，逃至二龙山落草。后遇天仙公主与卢安公主交战，救下天仙公主，得知其父杀父之仇，但念其年幼，放弃复仇。天仙公主劝王英降汉，共保幼主刘庄。王英受命寻找幼主，遍历五阳未果，遂混入敌营继续打探。,文件夹: 秦汉 | 页数: 8
hanju_0217,描真容.pdf,描真容,,琵琶记,是,东汉传说,孝义,古典文学,元·高明《琵琶记》,整理记录本,四旦；一末,赵五娘（四旦）；张广才（一末）,赵五娘,陈留,二黄,三眼；摇板；二流；导板,有引子、诗、念白、哭头,赵五娘在陈留郡饥荒中公婆双亡，描画二老真容准备上京寻夫。邻居张广才前来赠银送行，嘱托她沿途小心，并告知蔡伯喈负心之事。五娘拜别公婆坟墓，含泪上路。,文件夹: 秦汉 | 页数: 8
hanju_0218,斩李广.pdf,斩李广,,,否,周朝,权斗；复仇；孝义,戏曲传统；历史演义,,整理本,二净；三生；四旦；六外；七小；八贴；十杂,李广（二净）；李刚（十杂）；周厉王（三生）；马兰（六外）；马妃（八贴）；杨国母（四旦）；彭文进（一末）,李广,庆阳,西皮,慢板；二流；倒板；摇板；散板；一字板,有导板、快一字板等,周厉王听信马妃谗言，欲斩功臣李广。李刚闻讯大闹法场，杨国母下旨赦免，但马兰抢先斩首。李刚怒打昏君，逼死马妃，最终反出朝歌。,文件夹: 秦汉 | 页数: 22
hanju_0219,斩萧何.pdf,斩萧何,,,否,西汉初年,权斗；复仇；求贤,历史演义；戏曲传统,,整理本,三生；二净；四旦；一末；六外；七小；八贴；九夫,刘邦（三生）；萧何（二净）；戴明（七小）；戴妻（四旦）；蒯彻（六外）；宋玉（七小）；戴母（九夫）,戴明；萧何,长安；定国桥,西皮,导板；慢板；一字板；联弹,有引子、诗、念白、吹牌子等,汉初，萧何妒贤，将举子戴明逐出科场。戴明归家造律，因扭头视母自挖双目，母痛死。戴妻卖律，蒯彻设计引萧何开棺取律，历数其罪，萧何气死。,文件夹: 秦汉 | 页数: 32
hanju_0220,昭君出塞.pdf,昭君出塞,,,否,西汉,征战；孝义；情爱,历史演义；民间传说,,整理本,四旦；六外；五丑,王昭君（四旦）；王龙（六外）；马夫（五丑）,王昭君,长安；雁门关；黑水江,吹腔,散板；摇板,全剧以吹腔为主，有引子、诗、哭头等念白形式,汉元帝时，奸臣毛延寿毁王昭君画像，致其被迫和番。昭君辞别汉宫，经雁门关至黑水江，途中悲愤难抑，托鸿雁传书，最终舍身出塞，以保汉室安宁。,文件夹: 秦汉 | 页数: 9
hanju_0221,未央宫.pdf,未央宫,斩韩信,,否,秦末汉初,权斗；复仇；求贤,历史演义；戏曲传统,《史记·淮阴侯列传》；元杂剧《未央宫》,整理本,三生；二净；一末；四旦；六外；七小；五丑；十杂,韩信（三生）；刘邦（二净）；萧何（一末）；吕后（四旦）；陈平（六外）；蒯彻（七小）；樊哙（十杂）；钟离昧（五丑）；鲍英（六外）；谢公车（五丑）,韩信,咸阳；云梦；未央宫,西皮；二黄,慢板；二流；倒板；摇板；一字板；导板；回龙；合板,全剧以西皮为主，二黄用于抒情段落；有牌子、引子、诗、念白等,刘邦疑韩信谋反，用陈平计伪游云梦擒信，贬为淮阴侯。吕后与萧何设谋，以谢公车诬告韩信通敌为由，诱杀韩信于未央宫。蒯彻哭祭，鲍英行刺未成。,文件夹: 秦汉 | 页数: 29
hanju_0222,李大打更.pdf,李大打更,,汉剧剧本选·秦汉戏,是,西汉末年,求贤；孝义,历史演义；民间传说,,整理本,五丑；八贴；七小；四旦,李大（五丑）；李妻（八贴）；刘秀（七小）；李凤娇（四旦）,刘秀,兴隆镇,西皮,一字板；散板；七句半,,刘秀被王莽追杀，逃至兴隆镇投宿李大店中。李大之妹李凤娇认出幼主，私定终身。李妻发现后告知李大，李大欲杀刘秀，经李凤娇说明原委，李大转而讨封，刘秀封其为国舅。,文件夹: 秦汉 | 页数: 12
hanju_0223,李广催贡.pdf,李广催贡,,庆阳图,是,周朝,征战；求贤,历史演义；民间传说,,整理本,三生；二净；五丑；一末；十杂,李广（三生）；康喷（二净）；李和福（五丑）；老朝臣（一末）；朝臣甲（十杂）,李广,北海,二黄；西皮,慢三眼；慢板；慢垛子；一字板；摇板；快板；散板,,周厉王时，奉命侯李广奉旨前往北海国催贡。北海国因连年灾荒，三载未进贡。李广见其国困民穷，又经苗太君臣以礼相待、献宝求情，遂允缓贡三年，回朝复命。,文件夹: 秦汉 | 页数: 11
hanju_0224,淮河营.pdf,淮河营,,,否,西汉,权斗；求贤,历史演义；戏曲传统,,整理本,一末；二净；三生；四旦；五丑；六外；七小；八贴；九夫；十杂,李左车（一末）；栾布（二净）；蒯文通（三生）；田子春（六外）；刘长（七小）,蒯文通,淮河；成皋；长安,西皮,一字板；原板；摇板,,汉高祖驾崩后，吕后专权，欲夺刘氏江山。李左车、栾布、蒯文通、田子春等托孤老臣商议，决定前往淮河营劝说淮王刘长回朝。蒯文通以三寸不烂之舌，历数刘长三大罪状，并指出其生母为赵妃，被吕后所害。刘长醒悟，派田子春去长安盗取汉室宗卷，以证身世。,文件夹: 秦汉 | 页数: 23
hanju_0225,烹蒯彻.pdf,烹蒯彻,,,否,秦末汉初,权斗；讽世；复仇,历史演义；戏曲传统,,整理本,六外；五丑；三生；一末；十杂,蒯彻（六外）；贾斯文（五丑）；白眼窝（五丑）；刘邦（三生）；萧何（一末）；陆贾（六外）；陈平（三生）；韩信魂（三生）；樊哙（十杂）,蒯彻,咸阳；淮阴,西皮；二黄；平板,摇板；慢板；二流；导板；一字板；快一字板；慢垛子；快垛子,有引子、诗、哭头等念白形式,蒯彻曾劝韩信自立，韩信被杀后刘邦欲烹之。蒯彻装疯被陆贾识破，押至金殿。他历数韩信十大功劳，痛斥刘邦杀功臣，并指出韩信有三愚一痴。刘邦感悟，赦免蒯彻，并厚葬韩信。,文件夹: 秦汉 | 页数: 20
hanju_0226,男绑子.pdf,男绑子,,,否,东汉,权斗；孝义,历史演义,,整理本,三生；二净；四旦；一末；七小,刘秀（三生）；姚刚（二净）；郭妃（四旦）；姚期（一末）；郭荣（二净）,姚刚,洛阳,二黄,摇板；倒板；慢板；马蹄调；操子,有引子、诗、牌子、哭头等,姚刚救父回朝受封平南王，因郭荣阻挠怀恨在心。游街时故意鸣锣过郭府，争执中剑劈郭荣。郭妃哭奏，刘秀欲斩姚刚，姚期绑子上殿请罪。刘秀念其功勋，赦姚刚并命其赴河北保定殿下，又带姚期进宫向郭妃赔罪。,文件夹: 秦汉 | 页数: 12
hanju_0227,盗宗卷.pdf,盗宗卷,,,否,西汉初年,权斗；求贤,历史演义；戏曲传统,,整理本,一末；二净；三生；四旦；五丑；六外；七小；八贴；九夫；十杂,吕后（四旦）；张苍（一末）；陈平（六外）；田子春（三生）；刘长（二净）；夜不收甲（五丑）；夜不收乙（五丑）；张夫人（九夫）；张秀玉（七小）,陈平；张苍；田子春,长安,西皮,摇板；一字板；倒板,有引子、诗、念白等,吕后焚毁皇家宗卷以篡汉，陈平设计命夜不收诱捕盗卷人田子春，田子春假扮外男犯夜得见陈平。陈平逼张苍交出宗卷，张苍之子秀玉早藏副本，张苍持卷与陈平相争，最终二人和解，共助刘长兴兵。,文件夹: 秦汉 | 页数: 22
hanju_0228,砖瓦窑.pdf,遇龙镇,,,否,西汉末年,求贤；孝义,历史演义；民间传说,,整理本,五丑；八贴；七小,殷师道（五丑）；殷丽华（八贴）；刘秀（七小）,刘秀,南阳,西皮,散板；摇板,,刘秀逃难至殷家，殷师道兄妹收留。殷师道误会妹妹有私情，发现是幼主后，与妹妹戏扮朝仪，刘秀封殷师道为皇亲国戚。,文件夹: 秦汉 | 页数: 7
hanju_0229,破洛阳.pdf,破洛阳,,,否,西汉末年,征战；权斗；求贤,历史演义；戏曲传统,,整理本,三生；二净；六外；七小；四旦；十杂,刘秀（三生）；邓禹（六外）；马武（二净）；岑彭（七小）；苏献（十杂）；姚期（六外）,马武,洛阳；南阳,西皮,摇板；一字板；合板；散板,有赞子、念、诗等,刘秀欲取洛阳，苏献坚守不降。邓禹用激将法责打马武，马武诈降苏献，里应外合攻破洛阳。岑彭先败后与马武争功，最终刘秀设宴庆功。,文件夹: 秦汉 | 页数: 17
hanju_0230,磐河桥.pdf,盘河桥,,,否,东汉末年,权斗；征战；求贤,历史演义,《三国演义》相关情节,整理本,二净；三生；六外；七小；十杂,袁绍（二净）；公孙瓒（三生）；赵云（七小）；颜良（十杂）；文丑（十杂）；刘备（三生）；关羽（六外）；张飞（十杂）；韩馥（一末）；耿武（六外）；关纯（六外）,公孙瓒；赵云,冀州；盘河桥；北平,西皮,摇板；慢板,全剧以西皮为主，有慢板、摇板等板式,韩馥惧袁绍吞并冀州，修书请其保护，却遭袁绍夺城。公孙瓒为弟报仇与袁绍战于盘河桥，大败。赵云救公孙瓒，后刘备、关羽、张飞助阵，赵云与刘关张相识，公孙瓒得救。,文件夹: 秦汉 | 页数: 28
hanju_0231,窦老送子.pdf,窦公送子,,白兔记,是,五代,孝义；情爱,戏曲传统；民间传说,明传奇《白兔记》,整理记录本,六外；一末；四旦；三生,刘知远（三生）；窦公（一末）；岳夫人（四旦）；李三娘（四旦）,刘知远；窦公,分州,二黄；西皮,二流；摇板,有念白、哭头等,刘知远投军分州，另娶岳氏。原郡李三娘产子咬脐郎，托窦公送子至军中。刘知远初不认子，窦公怒斥其忘义，刘知远悔悟，修书接三娘。,文件夹: 秦汉 | 页数: 9
hanju_0232,紫家庄.pdf,紫家庄,,,否,东汉,权斗；情爱,历史演义；民间传说,,整理本,四旦；七小；八贴；二净；十杂,紫金莲（四旦）；刘庄（七小）；丫环（八贴）；朱元龙（二净）；老院（十杂）,紫金莲,洛阳；紫家庄,二黄；西皮,二流；小导板；倒板,,汉光武帝时，紫金莲因父被斩，与兄隐居紫家庄。一日观星，见刘庄（幼主）睡于庄外，蛇钻七孔，知是真命天子。紫金莲欲杀之报仇，经丫环劝说，与刘庄定情。后贼兵围庄，紫金莲用先王遗像退敌。,文件夹: 秦汉 | 页数: 11
hanju_0233,芦林会.pdf,芦林会,,跃鲤记,是,东汉传说,孝义,民间传说,明·陈罴斋《跃鲤记》,整理记录本,四旦；三生,庞氏（四旦）；姜诗（三生）,庞氏,芦林,平板；二黄,三眼平板；摇板,全剧以平板为主，兼有二黄摇板,庞氏被婆婆逐出，在芦林拾柴时偶遇丈夫姜诗。庞氏向姜诗辩明冤屈，姜诗虽心软却碍于母命不敢接回。二人争执后，姜诗答应劝母回心转意，庞氏暂留芦林。,文件夹: 秦汉 | 页数: 11
hanju_0234,苏武牧羊.pdf,苏武牧羊,,,否,西汉,孝义；求贤,历史演义；民间传说,,整理本,三生；六外；七小,苏武（三生）；黄石公（六外）；张良（七小）,苏武,北海；长安,二黄；西皮,慢板；二流；摇板；一字板；垛子,有引子、诗、哭头等念白形式,苏武出使匈奴被扣，贬至北海牧羊十九载。他忍饥寒、拒降敌，以血表托鸿雁寄书。后得黄石公、张良赠丹相助，终被匈奴送归汉朝。,文件夹: 秦汉 | 页数: 7
hanju_0235,荥阳城.pdf,荣阳城,,,否,秦末汉初,征战；孝义；求贤,历史演义；戏曲传统,,整理本,三生；二净；一末；四旦；五丑；六外；七小；八贴；九夫；十杂,刘邦（三生）；项羽（二净）；张良（一末）；陈平（六外）；纪信（三生）；韩信（七小）；随何（五丑）；周勃（十杂）；钟离昧（二净）；项伯（二净）,刘邦；纪信,荣阳；咸阳；彭城,西皮,原板；一字板；导板；快板；慢板；摇板；散板,有吹牌子、炮头、埃子等,项羽围困刘邦于荣阳，张良以挂画故事激励众将，纪信因貌似刘邦愿替主赴死。刘邦在张良、陈平策划下从西门逃脱，纪信假扮汉王出降，被项羽识破后不屈而死。,文件夹: 秦汉 | 页数: 32
hanju_0236,访韩信.pdf,访韩信,,,否,秦末汉初,求贤,历史演义,,整理本,三生；七小,张良（三生）；韩信（七小）,张良；韩信,咸阳,西皮,慢板；扬板,,张良奉师命下山卖剑，至楚营访韩信。以言语试探，见韩信怀才不遇，遂赠剑并写荐书，劝其弃楚投汉。韩信感其诚，决定投奔刘邦，张良指点其从陈仓小道前往。,文件夹: 秦汉 | 页数: 9
hanju_0237,逍遥津.pdf,血诏带,,,否,东汉末年,权斗；复仇,历史演义,明·罗贯中《三国演义》第六十六回,整理记录本,二净；三生；四旦；六外；七小；八贴；十杂,曹操（二净）；献帝（三生）；伏后（四旦）；穆顺（六外）；曹妃（八贴）；华歆（十杂）；司马懿（六外）；二皇子（七小）,曹操；献帝,许昌,西皮；二黄,摇板；倒板；二六板；原板,有引子、诗、叫头等念白形式,曹操专权，带剑上殿威逼献帝。献帝与伏后密修血诏，命穆顺搬兵除曹。穆顺被曹操识破，搜出血诏，被华歆杀死。曹操逼死伏后，毒杀二皇子，并立己女曹妃为后。,文件夹: 秦汉 | 页数: 20
hanju_0238,逼休.pdf,朱买臣休妻,烂柯山,,否,西汉,孝义；讽世,历史演义；民间传说,,整理本,三生；八贴,朱买臣（三生）；崔氏（八贴）,朱买臣,烂柯山,西皮,慢板；摇板；一字板,,朱买臣家贫，妻崔氏逼写休书改嫁。朱买臣苦读不辍，后得官。崔氏悔之，朱买臣马前泼水，以示覆水难收。,文件夹: 秦汉 | 页数: 11
hanju_0239,长生乐.pdf,长生乐,,,否,东汉,求贤；孝义；神魔,民间传说；戏曲传统,,整理本,七小；三生；四旦；二净；五丑；六外；八贴,刘成（七小）；灵帝（三生）；万年清（二净）；平安太（五丑）；安定远（六外）；乐尧天（八贴）；麻姑圣母（四旦）；瑞和仙子（四旦）,刘成,天台山；洛阳,二黄,慢板；二流；倒板；摇板；散板,有引子、诗、排子等,刘成中状元后荣归祭祖，遇野兽被麻姑圣母救至天台山，与二仙子成亲。七日后回朝，人间已过七十余载。时逢汉灵帝寿满百年，刘成献长生丹、斩仙帕，助帝返老还童，君臣同庆。,文件夹: 秦汉 | 页数: 4
hanju_0240,闹学馆.pdf,马武闹馆,,,否,西汉末年,复仇；求贤,历史演义；民间传说,,整理本,十杂；六外；五丑；七小,马武（十杂）；王滕（六外）；冯彦（七小）；贺二八（五丑）,马武,罗郡州,西皮,原板；摇板,,马武因武科场受辱，落草飞龙山，欲请卜者王滕共谋反莽。王滕引马武至酒馆，遇冯彦兄弟。马武酒后吐露反意，与冯彦冲突，败走。王滕受马武之托去说冯彦入伙，冯彦不从。马武杀王滕，留诗逼冯彦上山。,文件夹: 秦汉 | 页数: 27
hanju_0241,闹昆阳.pdf,闹昆阳,,,否,西汉末年,征战；权斗；求贤,历史演义；民间传说,,整理本,七小；二净；三生；六外；十杂；五丑,刘秀（七小）；姚期（二净）；马武（二净）；邓禹（三生）；岑彭（六外）；严子陵（一末）；纪魁元（五丑）；纪昌（十杂）；刘洪（二净）；李霸（二净）；李全忠（十杂）,刘秀；姚期,昆阳；江夏,西皮,导板；慢板；快板；滚板,,刘秀白水村兴兵被巨毋霸所阻，得严子陵献策往江夏搬兵。途中于高祖庙遇纪魁元，姚期以刘秀指甲与眼泪冒充龙筋龙泪治愈其子纪昌人面疮。至江夏，刘洪借兵不成，姚期打死江上王李霸。李全忠兴兵报仇，姚期败阵，纪昌于蒙石崖一拳打死全忠，助刘秀夺取昆阳。,文件夹: 秦汉 | 页数: 22
hanju_0242,鸿门宴.pdf,鸿门宴,,,否,秦末汉初,权斗；征战；求贤,历史演义；戏曲传统,,整理本,三生；二净；一末；六外；七小；四旦；八贴；十杂,刘邦（三生）；项羽（二净）；范增（一末）；张良（六外）；樊哙（十杂）；项庄（七小）；楚怀王（一末）；章邯（二净）；秦子婴（四旦）；赵高（五丑）；纪信（三生）；陈平（六外）,刘邦；项羽,咸阳；鸿门；荥阳,西皮；二黄,慢板；导板；原板；一字板；散板；快板,有引子、诗、念白、哭头等,秦末，楚怀王与刘邦、项羽约定先入咸阳者为王。刘邦先入咸阳，项羽不满，范增设鸿门宴欲杀刘邦。张良、樊哙护主，刘邦借机逃脱。后项羽围困荥阳，纪信假扮刘邦替死，刘邦得以脱险。,文件夹: 秦汉 | 页数: 51
hanju_0243,黄逼宫.pdf,理吉宫,,,否,秦,权斗,历史演义,,整理记录本,十杂；九夫；二净；三生；六外,秦始皇（十杂）；太后（九夫）；嫪毐（二净）；白起（三生）；吕不韦（六外）,秦始皇,大郑宫；咸阳,西皮,一字板；导板；摇板；快板；原板,,秦始皇与太后在宫中饮酒，嫪毐酒后失言泄露与太后私情及谋反计划。白起奏报始皇，始皇震怒，搜宫杀院，擒获嫪毐及二殿下，将太后打入冷宫，并决意回咸阳诛杀吕不韦。,文件夹: 秦汉 | 页数: 10
hanju_0244,龙凤旗.pdf,龙凤旗,,,否,西汉,权斗；求贤,戏曲传统,,整理本,三生；一末；二净；四旦；五丑；六外；七小；八贴；九夫；十杂,胡金文（三生）；张文中（一末）；汉宣帝（二净）；苗从善（十杂）；苗福（五丑）,胡金文,长安,西皮,摇板；散板；流水板,有引子、诗、念白等形式,汉宣帝时，落榜举子胡金文（实为太子）求见丞相张文中，张文中助其金殿面君。胡金文对答如流，被封为都察院。太师苗从善忌恨，设计陷害，胡金文辞官，宣帝加封其为治国将，赐龙凤旗、马蹄炮、尚方剑，以制衡奸臣。,文件夹: 秦汉 | 页数: 19
