剧本ID,剧本文件名,剧目名称,剧目别名,全本出处,是否折子戏,时代背景,故事地点,主题关键词,主题分类,选材来源,具体来源,剧本形态,主要行当,角色-行当映射,主角,主要唱腔声腔,主要板式,唱法备注,剧情简介,备注
hanju_0101,三星归位.pdf,三星归位,,莲台山,是,周代,周朝宫廷；法场；两军阵前,陷害忠良；私劫法场；刺王杀驾；归位封神,权斗；征战；复仇,历史演义；民间传说,汉剧传统剧本“列国戏”全本《莲台山》的完结篇，上接《青石岭》,整理本,一末；三生；四旦；五丑；七小；八贴；十杂,周穆王（三生）；苏银庄（八贴）；贾翠屏（四旦）；王洪（七小）；孟喜（十杂）；刘荣（一末）；贾公道（五丑）；七煞张林（十杂）；雷天豹（七小）；二殿下（四旦代）,苏银庄；王洪；孟喜,二黄；西皮,二流；导板；摇板,引；诗；念；叫头,苏银庄得胜回朝后，遭贾翠屏陷害，周穆王欲斩苏银庄。部将王洪、孟喜私劫法场，救出苏银庄，并诛杀贾翠屏和贾太师。穆王惊魂未定，命苏银庄带王洪、孟喜征战七煞张林。三人先后被张林的无影箭射死。后雷天豹下山，用斩仙剑杀死张林。穆王建庙封神，苏银庄等归位。,文件夹: 商周 | 页数: 28
hanju_0102,临潼斗宝.pdf,临潼斗宝,,伍子胥系列,是,春秋,临潼；红雀山,斗宝；结拜；联姻；破计,权斗；征战,历史演义；民间传说,汉剧传统剧本“列国戏”《伍子胥》系列故事之一折,整理本,十杂；五丑；三生；二净；六外；一末；七小,秦穆公（十杂）；姬燕（十杂）；百里奚（五丑）；甘英（三生）；柳展雄（二净）；楚平王（六外）；伍奢（一末）；伍员（七小）；郑庄公（六外）；卫灵公（三生）；燕成公（二净）；齐景公（五丑）；吴姬光（七小）；卞庄（二净）；蒯聩（六外）,伍员；秦穆公；柳展雄,西皮,摇板；慢西皮；二流；一字板；朵板,引；诗；念,秦穆公假借周天子诏命，设临潼斗宝大会，召集十七国诸侯赴会，意图一举歼灭。秦买通勇士柳展雄拦路劫宝，制造问罪借口。柳展雄被伍员打败，二人结为兄弟，柳将秦穆公诡计告知伍员。大会期间，伍员力举千斤铜鼎，压服秦将，抓住秦穆公，逼其与楚联姻，退还诸侯宝物，并送出潼关。秦穆公无奈依从。,文件夹: 商周 | 页数: 34
hanju_0103,伍奢骂相.pdf,伍奢骂相,,伍子胥系列,是,春秋,郢都,力谏；父纳子妻；奸臣谗言,权斗；孝义,历史演义；戏曲传统,汉剧传统剧本“列国戏”《伍子胥》系列,整理本,一末；二净；五丑,伍奢（一末）；费无极（二净）；楚平王（五丑）,伍奢,西皮,摇板；一字板；数板；流水；导板；慢西皮,念,楚平王听信费无极谗言，纳太子建之妻为妾。伍奢上殿力谏，平王不从，欲杀伍奢。费无极又进谗言，逼伍奢修书召其子伍尚、伍员进京，欲一并斩首。伍奢在朝房怒骂费无极，金殿上痛斥平王，最终被押入监牢。,文件夹: 商周 | 页数: 10
hanju_0104,伍申会.pdf,伍申会,长亭会；路会,伍子胥系列,是,春秋,樊城；三岔路口,借兵报仇；忠义抉择；誓不两立,复仇；孝义；权斗,历史演义；民间传说,汉剧传统剧本“列国戏”《伍子胥》系列故事之一折,整理本,三生,伍员（三生）；申包胥（三生）,伍员；申包胥,西皮,垛子；快板,,楚平王听信费无极谗言，杀害伍奢、伍尚父子，并派武城黑捉拿伍员。伍员突围后欲往吴国借兵报仇，途中遇到出使归来的故友申包胥。伍员哭诉冤仇，发誓伐楚。申包胥劝阻未果，最终放伍员逃往吴国，二人约定各为其主。,文件夹: 商周 | 页数: 6
hanju_0105,别母刺僚.pdf,别母刺僚,,伍子胥系列,是,春秋,吴国,行刺；孝义；复仇,权斗；孝义；复仇,历史演义；戏曲传统,汉剧传统剧本“列国戏”《伍子胥》系列,整理本,三生；十杂；七小；九夫；四旦；五丑；一末,伍员（三生）；专诸（十杂）；姬光（七小）；王僚（三生）；专母（九夫）；专妻（四旦）；专毅（七小）；伯嚭（三生）；被离（五丑）；孙武子（一末）；刘小二（五丑）,伍员；专诸；姬光,西皮,散板；摇板；二流；导板,引；诗；念；叫头,伍员逃出昭关后，偶遇专诸，结拜金兰。伍员至吴国吹箫乞食，遇姬光。姬光因王僚霸位不服，伍员荐专诸行刺。专诸孝母不忍离别，专母自缢以断其念。姬光设宴请王僚，专诸借献鱼之机，鱼腹藏剑刺死王僚，自身亦被诛杀。姬光即位，封赏众臣，并命伍员伐楚复仇。,文件夹: 商周 | 页数: 18
hanju_0106,卧薪尝胆.pdf,卧薪尝胆,,吴越争雄,否,春秋时期,会稽；吴国；越国,卧薪尝胆；忍辱负重；复国雪耻；美人计,征战；权斗；复仇,历史演义；古典文学,汉剧传统剧本“列国戏”系列之《吴越争雄》的故事；《史记》；宋代苏轼《拟孙权答曹操书》,整理本,一末；三生；四旦；五丑；六外；七小；八贴；九夫；十杂,范蠡（一末）；行人曳庸（一末）；文种（三生）；勾践（三生）；胥犴（三生）；越妃（四旦）；吴妃（四旦）；伯嚭（五丑）；王孙骆（五丑）；包坏事（五丑）；伍员（六外）；王孙雄（六外）；太史计倪（六外）；王子姑曹（七小）；司马皋如（七小）；灵姑浮（七小）；太子（七小）；西施（八贴）；郑旦（八贴）；秋鸿（八贴）；春燕（八贴）；东施（八贴）；西施母（九夫）；夫差（十杂）；诸稽郢（十杂）；中军（十杂）,勾践；夫差；范蠡；文种；西施,二黄；西皮,导板；慢板；二流；摇板；散板,引；诗；念；叫头；导板,吴王夫差为报父仇兴兵伐越，越王勾践不听范蠡、文种坚守之策，亲自率兵应战，战败被俘。勾践利用吴将伯嚭贪财好色，贿赂求和，得以苟活。夫差病，文种献策使勾践尝粪卜疾，夫差信其忠诚，放归越国。勾践回国后卧薪尝胆，励精图治，又将美女西施、郑旦献与夫差，以迷惑吴王。伍员屡谏夫差杀勾践，夫差不听，反赐死伍员。越国逐渐强盛，勾践兴兵伐吴，大败吴军，夫差自杀，越国雪耻。,文件夹: 商周 | 页数: 48
hanju_0107,反昭关.pdf,反昭关,,伍子胥,是,春秋,昭关；皇城,复仇；兵变；忠奸斗争,复仇；权斗,历史演义；戏曲传统,汉剧传统剧本“列国戏”《伍子胥》系列故事之一折,整理本,四旦；二净；五丑；三生；十杂,无祥公主（四旦）；费无极（二净）；平王（五丑）；申包胥（三生）；伍员（三生）；伍辛（十杂）；武霸（十杂）；下旨人（五丑）,伍员；申包胥,西皮,慢板；垛子；摇板；散板；导板；快板,引；诗；叫头,楚平王闻伍员兴兵复仇，昭关失守，惊吓而死。费无极建议无祥公主命申包胥挂帅，调武霸为先锋抵御。申包胥因与伍员有同乡结拜之情，欲退兵，武霸不允，被伍员之子伍辛射死。申包胥兵败，伍员围城，无祥公主坠城而死，费无极被斩。伍员寻得平王尸首，鞭尸八百以泄仇恨。,文件夹: 商周 | 页数: 16
hanju_0108,吵改嫁.pdf,吵改嫁,,蝴蝶梦（又名南华堂）,是,战国,,寡妇改嫁；打公骂婆；家庭冲突,讽世；孝义,戏曲传统；民间传说,汉剧传统“列国戏”庄周系列故事之一,整理本,八贴；一末；五丑,贾氏（八贴）；公公（一末）；婆婆（五丑）；桂芳（八贴）,贾氏,西皮,散板；一字板,唱；念白,贾氏丈夫去世，欲改嫁，遭公婆和儿子桂芳阻拦。贾氏以公公曾言“坟土一干可改嫁”为由，吵闹不休，打公骂婆，甚至装死威胁。最终不顾阻拦，决意改嫁而去。,文件夹: 商周 | 页数: 12
hanju_0109,哭秦庭.pdf,哭秦庭,,伍子胥系列,是,春秋时期,秦国,哭秦庭；搬兵求救；忠义,权斗；孝义,历史演义；戏曲传统,汉剧传统剧本“列国戏”《伍子胥》系列故事之一折,整理本,三生；七小；十杂,申包胥（三生）；秦哀公（三生）；子蒲（七小）；子虎（十杂）,申包胥,二黄；西皮,摇板；垛子；一字板；慢二黄；二流；导板；拿眼；回龙；反二黄；反二流；滚板；慢西皮,引；诗；念；叫头；哭头；导板,楚将伍子胥为报父仇，借吴兵伐楚，攻破郢都，鞭尸平王。申包胥为救楚国，前往秦国求救。秦哀公起初不愿发兵，申包胥在秦庭痛哭七日七夜，水浆不入，感动秦哀公及朝臣、后妃，最终秦王允诺发兵，命子蒲、子虎率军救楚。,文件夹: 商周 | 页数: 26
hanju_0110,大劈棺.pdf,大劈棺,,蝴蝶梦（又名南华堂）,是,战国,南华堂,试妻；劈棺；改嫁,孝义；情爱；讽世,古典文学；民间传说,汉剧传统“列国戏”庄周系列故事之一,整理本,六外；八贴；七小；五丑；四旦,庄周（六外）；田氏（八贴）；王孙（七小）；小二（五丑）；童男（五丑）；童女（四旦）,庄周；田氏,二黄；西皮；反调；平板,二流；平板；摇板；导板；散板；反二流,引；诗；念；叫头；哭头；导板,庄周郊外偶遇寡妇扇坟，回家告知其妻田氏。田氏大骂贾氏，表示自己誓作节义之妇。庄周欲试探田氏真情，伪装病死，变作楚国王孙前往吊丧。田氏一见王孙，顿生爱慕之意，以诗相挑，遂成婚礼。入洞房后，王孙忽然心痛，谓须用亲人脑髓合药医治。田氏贪恋新欢，急往灵柩劈庄周棺取脑髓，庄周突起，责问田氏，田氏羞愧自杀。,文件夹: 商周 | 页数: 14
hanju_0111,大回朝.pdf,大回朝,,封神榜,是,商代,朝歌,忠臣直谏；暴政；兵谏,权斗；征战；讽世,历史演义；民间传说,汉剧传统剧本“列国戏”《封神榜》系列故事之一折,整理本,二净；五丑；十杂,闻仲（二净）；费仲（五丑）；尤浑（五丑）；纣王（十杂）,闻仲,二黄；西皮,导板；二流；数板,引；诗；念,太师闻仲征讨北海得胜回朝，见纣王受妲己蛊惑，炮烙虿盆残害忠良，比干剖心、姜后剜目、贾氏坠楼、黄家父子反出五关，闻仲力谏无果，怒打奸臣费仲、尤浑，决定前往五关搬请黄家父子兵谏。,文件夹: 商周 | 页数: 8
hanju_0112,太极图.pdf,太极图,,封神榜,是,商周,太华山；摩石崖；冀州；周营,背信弃义；仙魔斗法；封神,征战；权斗；神魔,古典文学；神话宗教,汉剧传统剧本“列国戏”《封神榜》系列故事之一折,整理本,一末；二净；三生；四旦；五丑；六外；七小；八贴；九夫；十杂,赤精子（三生）；姜子牙（一末）；殷洪（二净）；杨戬（七小）；慈航道人（五丑）；黄飞虎（六外）；苏护（三生）；庞弘（六外）；准提佛（九夫代）；杨戬化身（彩旦代）；马元（十杂）；殷洪化身（四旦代）；木吒（七小）；金吒（五丑）；哪吒（八贴代）；申公豹（五丑）,殷洪；赤精子；姜子牙,二黄；西皮,慢板；二流；散板；导板；原板,引；诗；念；叫头,赤精子命弟子殷洪下山助姜子牙伐纣，殷洪发誓不违师命。途中遇申公豹蛊惑，殷洪反投殷商，与姜子牙为敌。申公豹又请马元相助，子牙连败。准提佛收服马元。殷洪违誓，慈航道人携太极图至周营，交战时赤精子用太极图将殷洪化为飞灰。,文件夹: 商周 | 页数: 18
hanju_0113,子期听琴.pdf,子期听琴,,,否,春秋,汉邑马鞍山,知音；抚琴；结拜,求贤；孝义,历史演义；民间传说,汉剧早期的传统戏，为“列国戏”之知音故事的第一折,整理本,一末；三生；娃娃生；青袍,俞伯牙（三生）；钟子期（一末）；琴童（娃娃生）；船夫甲（青袍）；船夫乙（青袍）,俞伯牙；钟子期,西皮,慢板；摇板；一字板,引；诗；念；叫头,晋国大夫俞伯牙奉旨前往楚国修聘，中秋之夜行至马鞍山遇雨泊舟。雨过天晴后，伯牙抚琴自娱，樵夫钟子期闻声窃听。伯牙邀子期登舟，二人论琴律，子期对答如流，伯牙引为知己，结为兄弟。临别时相约次年中秋再会。,文件夹: 商周 | 页数: 10
hanju_0114,子期归天.pdf,子期归天,子期冒雨归,,是,春秋,马鞍山,知音难觅；病逝；孝道,孝义,历史演义；民间传说,汉剧早期传统戏，为“列国戏”之知音故事的一折,整理本,一末；九夫,钟子期（一末）；钟元甫（一末）；钟母（九夫）,钟子期,二黄,摇板；导板；二流,叫头；哭头,樵夫钟子期与俞伯牙在马鞍山别后，冒雨还家，却一病不起。父母钟元甫、钟母担忧其病情，子期在病榻上向父母讲述与伯牙相遇、谈琴、结拜的经过，并嘱托死后葬于马鞍山下，立碑以便伯牙访查。最终子期病逝，二老悲痛欲绝。,文件夹: 商周 | 页数: 4
hanju_0115,度白简.pdf,度白简,,,否,战国,南华县,度化修仙；知恩不报；贪心不足,神魔,民间传说；戏曲传统,汉剧传统“列国戏”庄周系列故事之一,整理本,三生；一末；七小；贴末；十杂；六外,庄周（三生）；白简（一末）；张从（七小）；李荣（贴末）；强盗甲（十杂）；强盗乙（六外）,庄周；白简,二黄；西皮,二流；导板；平板,引；诗；念；叫头；导板,庄周学道下山，路遇被强盗杀死的张从，用阴阳宝扇将其救活。张从反诬庄周盗其包裹，扭至南华县衙。庄周在县令白简面前将张从化为白骨，并点化白简，白简弃官随庄周出家，最终被度化成仙。,文件夹: 商周 | 页数: 20
hanju_0116,急子回国.pdf,急子回国,二子乘舟,,是,春秋,卫国；新台；莘野,父子冲突；兄弟情义；伦理悲剧；宫廷斗争,权斗；孝义；复仇,历史演义；古典文学,汉剧传统剧本“列国戏”系列故事之一折,整理本,一末；二净；三生；四旦；五丑；七小；十杂,卫宣公（二净）；宣姜（四旦）；急子（三生）；子寿（七小）；子朔（五丑）；左公子泄（一末）；右公子职（三生）；万能（十杂）,急子；子寿；宣姜,西皮,导板；慢西皮；慢板；二流；摇板；散板,引；诗；念；叫头；哭头；导板,急子私自回国，得知母亲已死，悲愤交加。宣姜因旧情欲与急子私奔，急子拘于伦理拒绝。卫宣公发现后，命急子持白旄出使齐国，暗中派子朔埋伏莘野截杀。子寿得知后驾舟追上急子，劝其逃走未果，遂灌醉急子，盗取白旄代兄赴死。急子醒后赶至，见子寿已死，愤而自刎。宣姜赶到，亦拔剑自刎于宣公面前。,文件夹: 商周 | 页数: 36
hanju_0117,战樊城.pdf,战樊城,下家书,伍子胥系列,是,春秋,樊城；京都,兄弟离别；奸臣陷害；复仇,复仇；权斗；孝义,历史演义；戏曲传统,汉剧传统剧本“列国戏”《伍子胥》系列故事之一折,整理本,三生；六外；一末；二净；十杂；九夫；七小；五丑,伍员（三生）；伍尚（六外）；伍奢（一末）；费无极（二净）；武城黑（十杂）；伍太君（九夫）；家将（七小）；下书人（五丑）；家院（一末）,伍员；伍尚,西皮,散板；垛子；摇板；一字板；快板；导板,念；赞子,伍员、伍尚兄弟镇守樊城，接到父亲伍奢家书，调二人回京加官。伍员疑有诈，劝兄勿回，伍尚不听，独返京都。伍尚至京，与父伍奢同被奸相费无极陷害，全家遭斩。伍员在樊城闻讯，欲兴兵复仇，楚将武城黑率兵围城。伍员战败，家将阵亡，危急时养由基在松林暗箭射死武城黑，伍员得以脱身。,文件夹: 商周 | 页数: 14
hanju_0118,打芦花.pdf,打芦花,单衣顺亲；鞭打芦花,,否,春秋时期,闵嗣翁家,继母虐待；芦花代棉；孝子劝父；家庭和睦,孝义,民间传说,传统民间传说“二十四孝”之一；汉剧“列国戏”,整理本,六外；四旦；七小；一末；九夫,闵嗣翁（六外）；李氏（四旦）；闵损（七小）；闵华（七小）；李公（一末）；李婆（九夫）,闵嗣翁；李氏；闵损,四平；二黄；西皮,四平；二黄小导板；西皮摇板,引；诗；念；叫头；哭头,闵嗣翁续弦李氏，李氏偏爱亲生之子闵华，给前房之子闵损穿芦花做的棉衣，而给闵华穿丝绵。冬日闵嗣翁带二子外出赴会，途中发现闵损寒冷，查看衣物后得知真相，怒而返家责问李氏，并请来李氏父母欲休妻。闵损跪求父亲留下继母，说出“母在一子寒，母去三子单”的道理，感动父亲和继母，最终全家和睦。,文件夹: 商周 | 页数: 28
hanju_0119,扳瑶琴.pdf,扳瑶琴,扳琴；碎琴,,是,春秋,汉邑马鞍山；集贤村,知音难觅；摔琴祭友；守信赴约,孝义；求贤,历史演义；民间传说,列国戏之知音故事的一折,整理本,三生；一末；娃娃生；青袍,俞伯牙（三生）；钟元甫（一末）；童儿（娃娃生）；船夫甲、乙（青袍）,俞伯牙；钟元甫,二黄,三眼；二流；摇板,引；诗；念；叫头；哭头；导板；狗血；赞子；炮头；扎半句,晋国大夫俞伯牙与樵夫钟子期结为知音，约定来年中秋再会。至期，俞伯牙携琴赴约，不见子期，遇其父钟元甫，方知子期已忧思成疾而亡。伯牙悲痛欲绝，至坟前祭奠，深感知音难再得，遂摔碎瑶琴，并赠金抚慰钟父，承诺照顾其双亲。,文件夹: 商周 | 页数: 10
hanju_0120,挡幽王.pdf,挡幽王,,,否,周代,骊山,逃亡；斥责；十大罪状；释放,权斗,历史演义,汉剧传统剧本“列国戏”系列故事之一,整理本,三生；二净；四旦,申侯（三生）；周幽王（二净）；褒姒（四旦）,申侯；周幽王；褒姒,西皮,慢垛子；导板；一字板,引；诗；念；叫头,犬戎入侵周朝，周幽王与褒姒逃至骊山，被申侯带兵阻拦。申侯历数幽王十大罪状，包括废太子、贬申后、宠褒姒、举烽火戏诸侯等。幽王与褒姒哀求，申侯最终放其逃走。,文件夹: 商周 | 页数: 6
hanju_0121,搜孤救孤.pdf,搜孤救孤,,八义图(又名赵氏孤儿),是,春秋,晋国,舍子救孤；舍身取义；忠奸斗争,权斗；孝义；复仇,历史演义；戏曲传统,传统汉剧“列国戏”《八义图》(又名《赵氏孤儿》)中的一折,整理本,一末；六外；八贴；十杂,公孙杵臼（一末）；程婴（六外）；程妻（八贴）；屠岸贾（十杂）,程婴；公孙杵臼,二黄；西皮,摇板；慢板；一字板；二流,叫头；念,晋景公时，奸臣屠岸贾残害赵盾一家，赵朔之妻庄姬将孤儿赵武藏于宫中。程婴受赵家门客之托，将孤儿救回家中。屠岸贾搜孤不得，下令十日内献出孤儿，否则杀尽全国同庚婴儿。程婴与公孙杵臼定计，程婴舍子，公孙杵臼舍命，由程婴向屠岸贾告发公孙杵臼藏孤。屠岸贾搜出程婴之子（冒充孤儿），将公孙杵臼与婴儿处死。程婴忍辱负重，抚养孤儿长大，最终报仇雪恨。,文件夹: 商周 | 页数: 20
hanju_0122,文昭关.pdf,文昭关,,伍子胥,是,春秋时期,昭关,一夜须白；乔装过关；借兵报仇,复仇；权斗,历史演义；戏曲传统,汉剧传统剧本“列国戏”《伍子胥》系列故事之一折,整理本,一末；三生；十杂,东皋公（一末）；伍员（三生）；皇甫讷（三生）；米南洼（十杂）,伍员,西皮；二黄,慢四皮；西皮摇板；西皮一字板；慢西皮；慢二黄；二流；二黄摇板；二黄导板,引；诗；念；叫头；哭头,春秋时期，楚平王父纳子媳，相国伍奢谏奏反遭灭门。其子伍员（子胥）逃至昭关，被画影图形缉拿。隐士东皋公收留伍员，伍员因焦虑一夜须发皆白。东皋公请好友皇甫讷乔扮伍员，假意出关被擒，伍员趁机混出昭关，前往吴国借兵报仇。,文件夹: 商周 | 页数: 16
hanju_0123,文王吐子.pdf,文王吐子,,封神榜,是,商代,西岐；朝歌；羑里；五关,救父出关；父食子肉；忠孝,孝义；权斗；神魔,古典文学；民间传说,汉剧传统剧本“列国戏”《封神榜》系列故事之一折,整理本,一末；二净；三生；六外,姬昌（一末）；南宫适（二净）；姬发（三生）；散宜生（六外）；黄飞虎（六外）；云中子（三生）；雷震子（二净）,姬昌；雷震子,西皮,导板；慢板；一字板；散板,引；诗；念,西伯侯姬昌被纣王囚于羑里，其长子伯邑考被妲己杀害并做成肉饼送给姬昌吃。凶讯传至西岐，散宜生设计用重赂买通费仲、尤浑，使姬昌获释并官复原职。黄飞虎恐其遭暗算，劝其连夜逃走。纣王闻报命殷破败、雷开追赶。危急时雷震子奉师命赶来，救姬昌回到西岐。姬昌想起父吃子肉，心痛难忍，呕出所食子肉。,文件夹: 商周 | 页数: 20
hanju_0124,斩三妖.pdf,斩三妖,,封神榜,是,商周,朝歌,斩妖除魔；女色祸国；兴周灭纣,征战；权斗；神魔,历史演义；民间传说,汉剧传统剧本“列国戏”《封神榜》系列故事之一折,整理本,一末；二净；四旦；七小；八贴；九夫；十杂,苏妲己（四旦）；商纣王（二净）；姜子牙（一末）；女娲圣母（九夫）；九头雉鸡精（八贴）；玉石琵琶精（八贴）；哪吒（七小）；韦护（七小）；杨戬（七小）；雷震子（十杂）,苏妲己；姜子牙,西皮,慢板；二流；摇板；散板；一字板；二六；快板；导板；垛子,引；诗；念；叫头,周武王兵围朝歌，姜子牙率众将讨战。商纣王无力对敌，苏妲己请缨出战，与玉石琵琶精、九头雉鸡精一同迎战。姜子牙众将不敌三妖，后女娲圣母出手擒获三妖，交予姜子牙。妲己斩而不死，姜子牙请来海外陆压道人，用鹅毛宝刀斩了妲己。,文件夹: 商周 | 页数: 20
hanju_0125,杨戬打刀.pdf,杨戬打刀,毛国贞打铁,,否,商周,铁匠铺；煤山洞；牛魔王洞,打刀救母；刁难；招牌；神仙相助,神魔；孝义,民间传说；戏曲传统,汉剧传统剧本“列国戏”之一,整理本,五丑；八贴；七小；九夫；十杂,毛国贞（五丑）；毛妻（八贴）；杨戬（七小）；妖怪（九夫）；牛魔王（十杂）；童子（八贴）；假拐李（五丑）；铁匠（五丑）,毛国贞；杨戬,二黄,摇板；原板；二流,念；唱,铁匠毛国贞因招牌“毛国贞打铁件件皆通”而自夸。二郎神杨戬为救母前来打一把三尖两面七星八卦九扣连环刀。毛国贞夫妇为顾全招牌，先后以需要煤山金炭、牛魔王金角、一百两银子和一百年期限刁难杨戬。杨戬一一办到，并限三天交刀。毛国贞无奈求助炉头祖师，祖师化身铁匠相助，最终打成宝刀。杨戬付银取刀，毛国贞决定改行开药店。,文件夹: 商周 | 页数: 18
hanju_0126,桃木剑.pdf,桃木剑,,封神榜,是,商朝,朝歌,斩妖除邪；妖狐惑君；献剑驱妖,神魔；权斗,古典文学；民间传说,汉剧传统剧本“列国戏”《封神榜》系列故事之一折,整理本,三生；二净；四旦,云中子（三生）；纣王（二净）；妲己（四旦）,云中子；纣王；妲己,西皮,慢西皮垛子；西皮摇板；西皮一字板；西皮导板,引；诗；念,道士云中子在山中采药，见妖风掠过，知是妖狐化身苏妲己搅乱商朝。于是前往朝歌见纣王，说明宫中有妖，献桃木剑悬挂宫门以斩妖驱邪。苏妲己诈称患病，迷惑纣王，将桃木剑摘下用火焚毁。,文件夹: 商周 | 页数: 8
hanju_0127,桑园逼封.pdf,桑园逼封,,钟无盐,是,战国,桑园,访贤；逼封；貌丑才高,求贤；权斗,历史演义；民间传说,汉剧传统剧本“列国戏”《钟无盐》系列故事之一；刘向《列女传》；元郑光祖杂剧《丑齐后无艳连环》（又名《智勇定齐》）,整理本,二净；一末；跷旦,齐宣王（二净）；晏平仲（一末）；钟离春（跷旦）,齐宣王；钟离春,二黄,摇板；二流；平板,引；诗；念,齐宣王夜梦金钟托梁，晏平仲断言将得贤臣良将，遂相偕出猎访贤。宣王箭中白兔，追至桑园，遇丑女钟离春采桑。宣王笑其貌丑，离春反唇相讥，历数宣王三丑，并展示才学，逼宣王封其为正宫。宣王无奈，以蓝田玉带为聘，约定五月五日迎娶。离春以半边枣木梳为回聘，言其可压定十一国。宣王惧而回朝。,文件夹: 商周 | 页数: 22
hanju_0128,楚皇宫.pdf,楚皇宫,楚宫抚琴,,是,春秋时期,楚宫,父纳子妻；抚琴诉衷；赠玉环,权斗；孝义；情爱,历史演义；戏曲传统,汉剧传统剧本“列国戏”系列,整理本,四旦；五丑；七小,无祥公主（四旦）；楚平王（五丑）；芊建（七小）,无祥公主；芊建；楚平王,西皮,散板；数板；摇板；慢板；垛子,引；诗；念；叫头,楚平王强纳太子芊建之妻无祥公主为妃。一日平王外出，无祥在宫中抚琴，太子芊建前来问安，二人互诉衷曲，约定平王死后成婚，并以九龙玉环为信。平王回宫遇见芊建，入宫责问无祥，无祥反责平王父纳子妻，欲碰宫寻死，平王只得赔礼了事。,文件夹: 商周 | 页数: 14
hanju_0129,武昭关.pdf,武昭关,,伍子胥系列,是,春秋时期,郑国；鱼禅寺,忠君护主；托孤；突围,征战；权斗,历史演义；戏曲传统,汉剧传统剧本“列国戏”《伍子胥》系列故事之一折,整理本,三生；四旦；十杂,伍员（三生）；马昭仪（四旦）；卞庄（十杂）,伍员；马昭仪,二黄；西皮,导板；二流；散板,诗；念；叫头；导板；哭头,伍员保护马昭仪母子逃出郑国，被郑将卞庄围困在鱼禅寺。马昭仪将幼主托付给伍员后跳井自杀，伍员怀抱孤儿突围逃走。,文件夹: 商周 | 页数: 6
hanju_0130,武王伐纣.pdf,武王伐纣,,封神榜,是,商周时期,首阳山；朝歌,拦马阻谏；臣伐君；忠义；天命,权斗；孝义,历史演义；民间传说,汉剧传统剧本“列国戏”《封神榜》系列故事之一折,整理本,一末；三生；六外；七小,周武王（七小）；姜子牙（一末）；伯夷（六外）；叔齐（三生）,伯夷；叔齐；周武王；姜子牙,西皮,慢西皮；西皮摇板,引；诗,伯夷和叔齐隐居首阳山，听闻周武王兴兵伐纣，认为臣伐君不义，下山拦马阻谏。周武王犹豫，但姜子牙细数纣王罪状并提及先王遗诏，武王决意出兵。伯夷、叔齐劝阻无效，返回首阳山。,文件夹: 商周 | 页数: 10
hanju_0131,浣纱河.pdf,浣纱河,,伍子胥系列,是,春秋,界河；沙河,逃难；投水明志；报恩,权斗；孝义,历史演义；民间传说,汉剧传统剧本“列国戏”《伍子胥》系列故事之一折,整理本,三生；五丑；四旦,伍员（三生）；渔翁（五丑）；马玉娥（四旦）,伍员,西皮,一字板；摇板；散板,引；诗；念；赞子,伍员（伍子胥）逃出昭关后，途经界河，得渔翁相助渡河。伍员因担心追兵询问时渔翁走漏行踪，折返嘱咐，渔翁受辱投水而亡。伍员行至沙河，遇浣纱女马玉娥，求得一餐。临别再三叮嘱不可泄露消息，马玉娥为明心迹亦投水自尽。伍员感念二人恩义，誓言日后兴兵报恩。,文件夹: 商周 | 页数: 8
hanju_0132,清河桥.pdf,清河桥,,,是,春秋,郢都；清河桥,平叛；比箭；招贤,征战；权斗；求贤,历史演义,汉剧传统剧本“列国戏”之一折,整理本,三生；二净；十杂；七小,楚庄王（三生）；斗越椒（二净）；斗贲皇（十杂）；养由基（七小）,楚庄王；养由基；斗越椒,西皮,垛子；一字；摇板；慢西皮；一字板,念；叫头,春秋时，楚庄王平定陆浑之乱后班师，佞臣斗越椒趁机杀死司马艻贾，夺印造反，并挡住庄王归路。庄王亲战不敌，出榜招贤。勇士养由基应征，屡败叛军。斗越椒约养由基至清河桥比箭，反被养由基射死，叛乱遂平。,文件夹: 商周 | 页数: 16
hanju_0133,渭水河.pdf,渭水河,文王访贤,封神榜,是,商末,西岐；渭水河,求贤访才；垂钓遇主；拜帅封神,求贤,历史演义；民间传说,汉剧传统剧本“列国戏”《封神榜》系列故事之一,整理本,三生；一末；五丑；十杂,姬昌（三生）；散宜生（三生）；姜子牙（一末）；清风（五丑）；明月（十杂）；武吉（五丑）,姬昌；姜子牙,二黄；西皮,三眼；二流；垛子；导板；慢西皮；摇板；快板；撩子,引；诗；念；赞子,周文王姬昌夜梦飞熊入帐，散宜生圆梦为郊外射猎可遇贤臣。姬昌率众出猎，先后遇清风、明月，二人所唱之歌皆出自渭水钓叟。后遇樵夫武吉，得知其因姜子牙指点而避过死劫。姬昌闻姜子牙道号飞熊，正应梦兆，遂命武吉引路至渭水河边。见姜子牙直钩垂钓，姬昌礼贤下士，请其出山。姜子牙感其诚，随归营中。姬昌命筑台拜印，姜子牙登台拜帅，共议伐纣大计。,文件夹: 商周 | 页数: 12
hanju_0134,湘江会.pdf,湘江会,,钟无盐,是,战国,湘江,赴会；护驾；比箭；射杀,权斗；征战,历史演义；戏曲传统,汉剧传统剧本“列国戏”《钟无盐》,整理本,五丑；跷旦；七小；一末；十杂；六外,齐宣王（五丑）；钟无盐（跷旦）；田伦（七小）；管氏（跷旦）；魏王（一末）；吴起（十杂）；孙操（六外）；姬燕（十杂）,钟无盐；齐宣王,西皮,快板；摇板；导板；慢板；一字板；垛子,引；诗；念；叫头,魏王设宴湘江，邀齐宣王赴会，暗伏吴起等欲害齐王。齐后钟无盐识破计谋，决意陪宣王赴会。席间，钟无盐与吴起比箭，先射死魏王，后与吴起激战，保护宣王脱险。,文件夹: 商周 | 页数: 14
hanju_0135,火烧琵琶精.pdf,火烧琵琶精,,封神榜,是,商代,朝歌,除妖；斩妖；宫斗,神魔；权斗,古典文学；民间传说,汉剧传统剧本“列国戏”《封神榜》系列故事之一折,整理本,一末；二净；三生；四旦；五丑；六外；七小；八贴；九夫；十杂,姜子牙（一末）；琵琶精（八贴）；地保（五丑）；比干（一末）；纣王（二净）；妲己（八贴）,姜子牙；琵琶精；妲己,西皮,慢板；摇板；小导板,引；诗；念；叫头,姜子牙在朝歌城开卦铺，琵琶精前来问卦，子牙识破其为妖精，将其打倒并用符压住。地保见状报官，恰逢比干路过，子牙被带上殿面见纣王。子牙当殿用火烧琵琶精，现出原形，并奏称宫中有妖，献坤木剑除妖。妲己见琵琶精被烧，怀恨在心，假装患病向纣王进谗，欲害子牙，子牙遁去。,文件夹: 商周 | 页数: 10
hanju_0136,焚绵山.pdf,焚绵山,,,是,春秋时代,绵山,割股之功；耻于求赏；隐居绵山；火烧绵山,孝义；求贤；讽世,历史演义；民间传说,汉剧'列国戏'之一折,整理本,一末；三生；九夫；十杂；六外,介子推（三生）；解张（一末）；介母（九夫）；晋文公（三生）；魏犨（十杂）；颠颉（六外）,介子推,西皮,慢板；导板,引；诗；念；叫头,春秋时，晋公子重耳流亡十九年后回国为君，大封从亡诸臣，唯独介子推因鄙薄他人居功，未随班受赏，甘守清贫。邻人解张劝其回朝请赏，介子推耻于求赏，遂偕母隐居绵山。重耳得知后亲往绵山访寻，介子推避而不见。重耳命火烧绵山，欲逼其出，介子推宁死不出，与母同被烧死。,文件夹: 商周 | 页数: 10
hanju_0137,牛脾山.pdf,牛脾山,掘地见母；孝感天,,是,春秋,郑国；颍谷；京城；荥阳；牛脾山,母子反目；掘地见母；孝道感化,孝义；权斗,历史演义；古典文学,《左传》；《东周列国志》第四回,整理本,一末；二净；三生；四旦；五丑；六外；七小；八贴；九夫；十杂,颖考叔（一末）；姜氏（九夫）；太叔段（七小）；寤生（三生）；祭足（六外）；公子吕（二净）,寤生；颖考叔；姜氏,西皮,导板；一字板,引；诗；念；叫头,郑武公去世，长子寤生即位为庄公。母姜氏偏爱次子太叔段，逼庄公分封京城。太叔段招兵买马欲夺位，庄公假意朝周，实则部署兵力。姜氏修书促太叔段起兵，被公子吕截获。庄公亲征，太叔段兵败自杀。姜氏责庄公杀弟，母子反目，庄公发誓不及黄泉不相见。颍考叔以枭鸟讽谏，并献计掘地见母，终使母子团聚。,文件夹: 商周 | 页数: 32
hanju_0138,王翦探营.pdf,王翦探营,,,是,战国,秦营；燕国边境,巡营；行刺；锦囊计；败走赵国,征战；权斗,历史演义；戏曲传统,汉剧传统剧本“列国戏”系列,整理本,二净；十杂,王翦（二净）；袁达（十杂）,王翦；袁达,二黄,导板；二流；摇板；二流原板；马蹄调；二黄三眼,诗；叫头,秦王命王翦伐燕，王翦部署方定，亲自巡营，谨防燕国偷袭。燕国派遣袁达行刺，袁达潜入秦营，见王翦熟睡，欲下毒手，却叫醒王翦，二人交战。袁达不敌，依师父孙百灵锦囊计，逃往赵国，王翦亦不追赶，收兵回营。,文件夹: 商周 | 页数: 6
hanju_0139,碧游宫.pdf,碧游宫,,封神榜,是,商周,佳梦关；碧游宫,封神斗法；报仇雪恨；请罪求饶,征战；神魔；复仇,古典文学；民间传说,汉剧传统剧本“列国戏”《封神榜》系列故事之一折,整理本,一末；二净；三生；四旦；五丑；六外；七小；八贴；九夫；十杂,胡升（六外）；胡雷（十杂）；洪锦（七小）；哪吒（五丑）；木吒（四旦）；金吒（七小）；姜子牙（一末）；龙吉公主（四旦）；火灵圣母（跷旦）；广成子（三生）；申公豹（二净）；惧留孙（五丑）；庞文（六外）,姜子牙；广成子,西皮,慢西皮；西皮散板；西皮一字板,念；诗；引；赞子,姜子牙率周营众将攻打佳梦关，守将胡升命其弟胡雷出战。胡雷三次被擒，因其九命之身屡斩不死，后被龙吉公主用定海神针杀死。胡雷之师火灵圣母下山报仇，被广成子用翻天印照出原形，乃通天教主（庞文）头上一顶金冠所化。广成子前往碧游宫请罪，通天教主宽恕，但众门徒阻拦，龟灵圣母三番阻拦，被广成子打现原形。广成子嘲笑碧游宫俱是披毛戴角之辈，通天教主大怒，摆下诛仙阵。,文件夹: 商周 | 页数: 20
hanju_0140,穷途吟.pdf,穷途吟,,,是,周代,南阳邺县,穷途末路；隐士劝世；求仕不得,求贤；讽世,历史演义；古典文学,汉剧传统剧本“列国戏”,整理本,一末；二净；七小,荷筱丈人（一末）；仲由（二净）；二子（七小）,仲由,西皮；二黄,慢西皮；二黄；摇板,引；诗,子路跟随孔子周游列国，渴望谋得一官半职，却受尽奔波之苦。一日，子路走错路，与孔子失散，路遇隐士荷筱丈人，受邀借宿其家。荷筱丈人辞官隐居，躬耕自乐，与子路论及天下乱世，劝其安分守己。子路深夜难眠，回想追随孔子以来的种种遭遇，感叹不已。次日清晨，子路辞别荷筱丈人，继续寻找孔子。,文件夹: 商周 | 页数: 8
hanju_0141,草场会.pdf,草场会,,钟无盐,是,战国,草场；葭萌关,联合伐齐；争帅印；擒将,征战；权斗,历史演义；戏曲传统,汉剧传统剧本“列国戏”《钟无盐》之一折,整理本,一末；六外；七小；八贴；十杂,吴起（十杂）；孙操（一末）；廉颇（六外）；姬燕（十杂）；田伦（七小）；管氏（八贴）,吴起；田伦；管氏,二黄；西皮,慢板；二流；倒板；摇板；散板,引；诗；念；叫头,齐后钟无盐施术诈死后，吴起趁机联合姬燕、廉颇、孙操在草场聚会，共商伐齐大计。吴起被推为元帅，率军攻打葭萌关。齐将田伦与管氏出战，不敌吴起大军，双双被擒，齐国大败。,文件夹: 商周 | 页数: 12
hanju_0142,莲台收妃.pdf,莲台收妃,,莲台山,是,周代,莲台山；庆阳落凤桥；皇宫,游猎遇妃；开弓退敌；比武招亲,征战；权斗；求贤,历史演义；民间传说,汉剧传统剧本“列国戏”全本《莲台山》,整理本,三生；八贴；一末；七小；十杂,周穆王（三生）；苏银庄（八贴）；刘荣（一末）；刘玉（七小）；亚里寿（十杂）,周穆王；苏银庄,西皮,散西皮；西皮导板；西皮小导板；慢西皮；西皮慢垛子；西皮摇板；一字板；西皮一字板,引；诗；念；叫头,周穆王游猎莲台山，遇带发修行的苏银庄，见其貌美，收为正宫皇后。北海国大将亚里寿携铁胎宝弓前来，扬言若周室无人能开弓，便不再朝贡。满朝文武无人能开，穆王忧心。苏银庄得知后，在御花园比武中扭断铁弓，并斩杀亚里寿，保住了周室尊严。,文件夹: 商周 | 页数: 22
hanju_0143,豫让吞炭.pdf,豫让吞炭,豫让桥,,否,战国,晋国；晋阳,士为知己者死；舍身报仇；漆身吞炭；忠义,复仇；权斗；孝义,历史演义；古典文学,故事源于《战国策·赵策一》《史记·刺客列传》；该题材最早见于元代杨梓创作的杂剧《忠义士豫让吞炭》,整理本,十杂；三生；二净；五丑；七小；一末；六外；九夫；四旦,智瑶（十杂）；豫让（三生）；韩虎（二净）；魏驹（五丑）；赵无卹（七小）；张孟谈（一末）；智国（六外）；豫让母（九夫）；豫让妻（四旦）,豫让,西皮,一字板；导板；摇板,引；诗；念；叫头,春秋末期，晋国智伯瑶（智瑶）因赵无卹不献蔡、皋狼之地，联合韩虎、魏驹攻打晋阳。豫让曾劝谏智伯勿恃强，智伯不听。后韩、魏反水，决堤淹智营，智伯自刎。豫让为报知遇之恩，漆身吞炭，两次行刺赵无卹。首次藏刃厕中被释，二次伏于桥下被擒。赵无卹感其忠义，脱下衣袍让其刺衣代仇，豫让遂伏剑自杀。,文件夹: 商周 | 页数: 28
hanju_0144,贾氏扇坟.pdf,贾氏扇坟,,蝴蝶梦（又名南华堂）,是,战国,荒郊,扇坟；守节；挑逗；得道,讽世；情爱,民间传说；戏曲传统,汉剧传统“列国戏”庄周系列故事之一,整理本,六外；八贴；九夫,庄周（六外）；贾氏（八贴）；大头鬼（九夫）,庄周；贾氏,西皮,导板；慢板；散板；慢一字,引；诗；念；哭头；叫头,庄周修行得道，偶遇新坟旁年轻寡妇贾氏用扇扇坟，欲使坟土干燥以便改嫁。庄周问明缘由，施法令大头鬼扇干坟土。贾氏大喜，反复挑逗庄周，庄周不为所动，收下白扇后离去。,文件夹: 商周 | 页数: 8
hanju_0145,越椒逼印.pdf,越椒逼印,,,否,春秋,郢都,逼印；造反；忠奸斗争,权斗；复仇,历史演义,汉剧传统剧本“列国戏”之一,整理本,二净；十杂；一末；四旦；七小,斗越椒（二净）；斗贲皇（十杂）；艻贾（一末）；夫人（四旦）；公子（七小）,斗越椒；艻贾,西皮,一字板；垛子；撩子,念；诗,楚庄王征陆浑戎未归，令尹斗越椒因被摘去兵符印信而怀恨在心，移罪于司马艻贾。越椒假意邀艻贾过府饮宴，席间强索兵符，艻贾不允。越椒与其子贲皇持枪将艻贾杀害，并率众至艻府搜走兵符印信。随后，越椒准备拦截楚军归途，欲弑庄王。,文件夹: 商周 | 页数: 12
hanju_0146,金蛟剪.pdf,金蛟剪,财神归位,,否,商周,峨眉山；三霄洞；周营；岐山,借宝斗法；封神之战；兄弟义气,征战；神魔,古典文学；民间传说,故事出自《封神演义》,整理本,一末；二净；三生；五丑；七小；十杂,赵公明（十杂）；闻仲（二净）；姜子牙（一末）；燃灯（三生）；陆压（十杂）；萧升（五丑）；曹宝（五丑）；杨戬（七小）；哪吒（七小）,赵公明；姜子牙,二黄,导板,引；诗；念；叫头；导板,赵公明受闻仲激发下山助商，与姜子牙交战。赵公明先用定海神珠取胜，后神珠被曹宝收去，遂向三霄借来金蛟剪。姜子牙得陆压相助，用桃木弓柳木箭在岐山扎草人暗射赵公明。闻仲派张公、九司盗草人未成，赵公明最终被三箭射死，归位封神。,文件夹: 商周 | 页数: 20
hanju_0147,闹朝扑.pdf,闹朝扑犬,,八义图（又名赵氏孤儿）,是,战国时代,晋国,忠奸斗争；奸臣陷害；义士救孤,权斗；复仇；孝义,历史演义；戏曲传统,传统汉剧“列国戏”,整理本,十杂；一末；二净；七小；四旦；六外；五丑；八贴,屠岸贾（十杂）；赵盾（一末）；晋侯（二净）；赵朔（七小）；德安公主（四旦）；程婴（六外）；提弥明（十杂）；韩厥（五丑）；裴豹（十杂）；范公公（一末）；春来（八贴）；獒奴（五丑）,赵盾；屠岸贾；赵朔；程婴,,,念；念·扑灯蛾；哭头；叫头,战国时，晋国奸臣屠岸贾献美女、修绛宵楼，劳民伤财，相国赵盾极力反对。屠岸贾怀恨在心，训练灵獒在朝堂上扑咬赵盾，并诬其为奸臣，将赵盾满门抄斩。赵盾之子赵朔为驸马，屠岸贾假传圣旨赐死赵朔。赵朔临终将未出世的孩子托付给义士程婴。公主生下男婴赵武，程婴借揭榜进宫，将婴儿藏于药箱，在守将韩厥的暗中帮助下带出宫去，保全了赵氏孤儿。,文件夹: 商周 | 页数: 14
hanju_0148,阴五雷.pdf,阴五雷,,,是,战国,燕国边境,斗法；破阵；神魔斗法,神魔；征战,民间传说；戏曲传统,汉剧传统剧本“列国戏”系列故事之一,整理本,七小；六外；贴末；二净；十杂；五丑；一末,燕丹王（七小）；孙膑（六外）；朝臣（贴末）；王翦（二净）；海道灵（十杂）；毛贲（十杂）；金眼猴（五丑）；太上老君（一末）；洪钧老祖（十杂）；孙燕（七小）,孙膑；王翦；金眼猴,西皮,慢西皮；西皮散板；西皮导板；西皮,引；诗；念；叫头；导板,秦国大将王翦奉师命兵吞六国，攻打燕国。燕丹王命孙膑挂帅迎战。孙膑用沉香拐打败王翦。王翦向师父海道灵求救，海道灵派弟子毛贲下山，摆下阴五雷大阵，摄走孙膑三魂七魄。危急之际，金眼猴下山相助，盗来洪钧老祖的还魂丹和李老君的太极图，将阴五雷改为阳五雷，助孙膑打败毛贲，破阵而出。,文件夹: 商周 | 页数: 20
hanju_0149,阴回朝.pdf,阴回朝,,封神榜,是,商代,深宫,托梦谏君；十大过失；阴魂不昧,权斗；神魔；讽世,古典文学；民间传说,汉剧传统剧本“列国戏”《封神榜》系列故事之一折,整理本,二净,纣王（二净）；闻仲（二净）,纣王；闻仲,二黄；反调,二流；二黄导板,导板,闻仲在绝龙岭丧命后，阴魂不昧。是夜，他托梦纣王，陈说战争经过，并列举纣王以往十大过失，谏劝其改过自新，以免亡国。纣王梦中惊醒，见闻仲浑身血染，感慨不已。,文件夹: 商周 | 页数: 4
hanju_0150,阴陵会母.pdf,阴陵会母,,八义图(又名赵氏孤儿),是,春秋时期,阴陵,母子相认；舍子救孤；报仇雪恨,权斗；孝义；复仇,历史演义；戏曲传统,传统汉剧“列国戏”《八义图》(又名《赵氏孤儿》)中的一折,整理本,十杂；娃娃生；四旦；六外；八贴；五丑；一末；二净,灵辄（十杂）；赵武（娃娃生）；德安公主（四旦）；程婴（六外）；程妻（八贴）；韩厥（五丑）；范公公（一末）；屠岸贾（二净）,赵武；德安公主；程婴,二黄；西皮,慢板；二流；倒板；摇板；散板,引；诗；念；叫头；哭头,赵氏孤儿赵武（化名程勃）长到16岁，在阴陵射猎时偶遇守墓的生母德安公主。公主误以为他是仇人屠岸贾之子，将其逐出。赵武又遇灵辄追杀，被范公公所救。回家后，赵武向养父程婴诉说遭遇，程婴得知公主下落，前往阴陵说明十五年前舍子救孤的真相。公主与程婴商议用《雪冤图》点醒赵武，最终母子相认，并在灵辄、韩厥等人帮助下斩杀屠岸贾，为赵氏报仇。,文件夹: 商周 | 页数: 20
hanju_0151,青石岭.pdf,青石岭,,莲台山,是,周朝,青石岭；草球关,阵前产子；降将归顺；打赌击掌,征战；权斗,历史演义；戏曲传统,汉剧传统剧本“列国戏”全本《莲台山》中的一折,整理本,三生；四旦；五丑；七小；十杂；一末；二净,周穆王（三生）；苏银庄（四旦）；贾翠屏（四旦）；贾公道（五丑）；王洪（七小）；孟喜（十杂）；李开昌（一末）；伍茂（三生）；雷天豹（七小）；崇有南（二净）,苏银庄；王洪,西皮,散西皮；西皮导板；西皮一字板；西皮摇板,诗；叫头,周朝时，北海国镇守青石岭的王洪反周，西宫贾翠屏刁唆怀孕的苏银庄出征。苏银庄带兵至青石岭，几员大将均被王洪降魔杵打死。苏银庄在阵前产下太子后，背子战败王洪，王洪降顺。苏银庄用王洪计策，又收服草球关守将孟喜。苏爱二人武艺，带回周朝重用。,文件夹: 商周 | 页数: 22
hanju_0152,首阳归位.pdf,首阳归位,,封神榜,是,商末周初,首阳山,忠君守节；不食周粟；饿死首阳；归位成仙,孝义；权斗,历史演义；民间传说,汉剧传统剧本“列国戏”《封神榜》系列故事之一,整理本,三生；六外；五丑,伯夷（六外）；叔齐（三生）；太白金星（三生）；樵子（五丑）,伯夷；叔齐,西皮；反二黄,慢西皮；西皮导板；垛子；小导板；反二黄摇板,引；诗；念；叫头,周武王伐纣灭商后，隐居首阳山的伯夷、叔齐兄弟誓不食周粟，打烂厨房锅灶，以松子清泉充饥。太白金星化作樵子点化二人，指出松子清泉亦属周有，二人遂绝食。最终冻饿而死，太白金星奉玉帝旨意度其归位成仙，尸骨葬于北海。,文件夹: 商周 | 页数: 18
hanju_0153,麦里赠金.pdf,麦里赠金,,,是,周代,南山勇县,麦里赠金；周济贫民；颂德,孝义；求贤,历史演义；戏曲传统,汉剧传统剧本“列国戏”,整理本,一末；三生；四旦；五丑；六外；七小；十杂,李平志（七小）；赵公迟（五丑）；李妻（四旦）；周公迟（一末）；迎风（十杂）；县令（三生）；家院（六外）,李平志；赵公迟,西皮,摇板；一字板；慢西皮,引；诗；念；叫头,年岁荒旱，赵公迟开仓济贫。李平志借麦粮二斗，赵欲多与，李坚持不受。赵暗藏黄金二锭于麦内赠送。李背麦回家，其妻发现黄金，急问来源。李答不出，请赵到家询问，赵佯装不知。李疑惧，二人同往见官。周公迟巡查吏治，正与县令谈论民情，闻赵、李喊冤，立即传讯。赵公迟将赠金经过详述，周公认为麦里赠金仁义可颂，分予奖励。,文件夹: 商周 | 页数: 14
hanju_0154,黄金诰.pdf,黄金诰,,,是,春秋,秦邦,赐福赠财；天降祥瑞；君清正,求贤;神魔,民间传说；戏曲传统,汉剧传统“列国戏”中的吉祥戏之一,整理本,三生；二净；七小；四旦,玉皇大帝（三生）；赐福天官（三生）；赠福财神（二净）；萧史真人（三生）；陈宝夫人（四旦）；秦穆公（三生）；白乙丙（七小）,秦穆公；赐福天官；赠福财神,西皮,摇板；导板；一字板；二流,引；诗；念；叫头,秦穆公因与晋惠公交战，龙门山一役大败，御库金银空虚。玉皇大帝见秦穆公为君清正，敕命赐福天官与赠福财神前往秦邦赠送金银。同时命萧史真人吹箫引凤，将弄玉公主引至天宫；命陈宝夫人引秦穆公阳魂上天，使其发白转少。众仙奉旨下凡，在秦穆公寿诞之日，于午门显圣，撒下金银，填满御库。秦穆公大喜，欲建庙供奉，后因身体困倦回宫安歇。,文件夹: 商周 | 页数: 10
hanju_0155,齐王昏殿.pdf,齐王昏殿,,钟无盐,是,战国,齐国,求贤；昏君误国；诈死复生,权斗；求贤,历史演义；民间传说,汉剧传统剧本“列国戏”全本《钟无盐》之一折,整理本,二净；一末；七小,齐王（二净）；晏平仲（一末）；探子（七小）,齐王；晏平仲,二黄,慢三眼；散板；二流；摇板；平板；小导板,引；诗；念；叫头,齐宣王听信谗言绞死钟无盐，无盐诈死隐居。吴起联合秦、鲁攻齐，齐王无人可用，急召辞官在家的晏平仲。晏平仲告知无盐尚在，并献上无盐留下的锦囊，暗示无盐在世。齐王醒悟，在晏平仲陪同下亲自步行前往迎请无盐挂帅退敌。,文件夹: 商周 | 页数: 10
hanju_0201,三拉堂.pdf,三拉堂,,贩马记（又名褒城狱奇双会）,是,,陕西褒城县,冤狱昭雪；姐弟重逢；合家团圆,权斗；孝义,戏曲传统,汉剧《贩马记》中的一折,整理本,七小；八贴；一末,赵宠（七小）；李桂枝（八贴）；李奇（一末）；李保童（七小）,李桂枝；赵宠；李保童；李奇,四平调,,引；诗；念；哭头,贩马商李奇被续弦杨氏与监生田旺诬陷入狱，新任褒城县令赵宠之妻李桂枝闻父冤情，女扮男装前往巡按处告状。巡按李保童正是桂枝失散之弟，姐弟相认。赵宠闯入察院，得知巡按乃妻弟。最终李保童提审李奇，父子相认，惩治恶人，合家团圆。,文件夹: 秦汉 | 页数: 11
hanju_0202,不服老.pdf,不服老,,,否,宋代,梁府,不服老；自信；科举,求贤,戏曲传统,汉剧传统剧目，现存文本源自沙市汉剧团录本,整理本,一末；三生；七小；五丑,梁灏（一末）；梁栋（三生）；梁连（七小）；董伯（五丑）,梁灏,平板,一字平板,引；诗；念,梁灏屡试不中，仍发愤读书，自信必中状元。其子梁栋中状元后为他请得官诰，梁灏执意不受。老友董伯登门相劝，梁灏坚持不受，并展示自己足力、耳力、目力均甚强健，最终说服董伯，自信今科必中。,文件夹: 秦汉 | 页数: 11
hanju_0203,写状.pdf,写状,,贩马记（又名褒城狱奇双会）,是,,褒城县,写状；冤狱；夫妻情深,权斗；情爱,戏曲传统,传统戏《贩马记》中的一折,整理本,七小；八贴,赵宠（七小）；李桂枝（八贴）,赵宠；李桂枝,二黄；四平调,摇板；倒板；四平调,引；诗；念；叫头,新任褒城县令赵宠下乡查旱回衙，见新婚妻子李桂枝神色异样，追问得知在押死囚李奇系其岳丈。李奇因续弦杨氏与田旺私通，被诬告强奸婢女春花致其自尽，屈打成招。赵宠查看招详后知李奇秋后问斩，无力平反。桂枝哀求，赵宠想起有巡按路过，便替桂枝写状。写状时夫妻调笑，赵宠教桂枝女扮男装前往察院喊冤。,文件夹: 秦汉 | 页数: 14
hanju_0204,南山捡子.pdf,南山捡子,霸王出世,楚汉争,是,秦末,南山,捡子；调笑；得子,孝义,历史演义,汉剧'两汉故事'系列,整理本,五丑；八贴,项环（五丑）；项妻（八贴）,项环；项妻,西皮,摇板；数板；垛子,念；叫头,樵夫项环上山砍柴，见猛虎衔一婴孩，遂救下并带回家中。为哄骗妻子，项环谎称自己怀孕，与妻子互相调笑。最终夫妻二人为婴孩取名霸王，欢喜收场。,文件夹: 秦汉 | 页数: 9
hanju_0205,双尽忠.pdf,双尽忠,李广三奏；李广催贡；斩李广,庆阳图,是,周代,庆阳,忠君保国；劫法场；杀妻尽忠,权斗；孝义；征战,戏曲传统；历史演义,汉剧传统剧目《庆阳图》中的一折,整理本,一末；二净；三生；四旦；五丑；六外；七小；十杂,李广（六外）；李文（七小）；李福（五丑）；石彦龙（二净）；石虎（十杂）；杨国母（四旦）；李广妻（四旦）；李文妻（四旦）；保奏官甲（一末）；保奏官乙（三生）；守城官（二净）；刀斧手甲（三生）；刀斧手乙（十杂）,李广；李文,二黄,导板；摇板；散板,引；诗；念；叫头,周王听信石妃与其兄石彦龙谗言，欲斩杨后。李广阅边回京，闻讯上殿连奏三本保奏，均遭拒绝。李广与弟李文同劫法场救走杨后。周王遣兵抄杀李府，李广与李文换刀杀妻，共保杨后逃出庆阳。李文不幸中箭身亡，李广保护杨后脱险。,文件夹: 秦汉 | 页数: 28
hanju_0206,反八卦.pdf,反八卦,,西汉演义,是,西汉,金殿；柴府；冷宫,偷龙换凤；保太子；忠奸斗争,权斗；孝义,历史演义,汉剧'西汉演义'系列故事之一,整理本,二净；三生；五丑；六外；八贴；七小；四旦,徐世英（三生）；苏献（五丑）；王莽（二净）；柴文进（六外）；杜氏（八贴）；揭谛神（七小）；王主母（四旦）；达摩祖师（二净）；观音（四旦）,柴文进；杜氏,西皮,摇板；慢板；倒板；小导板；慢西皮,引；诗；念；叫头,王莽毒死汉平帝篡位，欲杀女儿王皇后。柴文进保奏，因王皇后有孕暂押冷宫。徐世英算得怀太子，柴文进为保汉室血脉谎称怀女，二人赌头。柴妻杜氏用自己女儿换出太子藏于府中。徐世英派苏献三次搜查，杜氏巧计应对，第一次用板柜装砖石骗过，反逼苏献赔银；第二次用沙桶伪装，又逼徐世英降职赔礼。徐世英亲搜，杜氏不敌，令柴文进背太子逃往白水庄，自己与徐世英决战，最终被达摩祖师收去。,文件夹: 秦汉 | 页数: 37
hanju_0207,吃糟糠.pdf,吃糟糠,,琵琶记,是,汉代,陈留郡,孝道；饥荒；吃糠,孝义,古典文学,传统戏《琵琶记》,整理本,四旦；一末；五丑,赵五娘（四旦）；蔡公（一末）；蔡婆（五丑）；张广才（一末）,赵五娘,二黄,慢板；二流；倒板,引；诗；念；叫头,蔡伯喈上京赴考得中状元，被牛太师招赘，音信全无。其妻赵五娘在家侍奉公婆，连年灾荒，家贫如洗，只能以糠秕充饥。婆婆怀疑她偷吃好食，发现真相后悲悔交加，气绝身亡。公公悲痛欲绝，幸得邻居张广才相助，办理棺木安葬婆婆。,文件夹: 秦汉 | 页数: 10
hanju_0208,哭监.pdf,哭监,监牢会,贩马记（又名褒城狱奇双会）,是,,汉中府褒城县,狱中啼哭；父女相认；冤狱,复仇；孝义,戏曲传统,汉剧'两汉故事'系列,整理本,一末；八贴,李奇（一末）；李桂枝（八贴）,李奇；李桂枝,二黄；西皮,摇板；倒板；二流,念；哭头；滚板,新任褒城县令赵宠出差未归，其妻桂枝听见监狱中有囚犯啼哭之声，经过查问，才知这一犯人就是她的父亲李奇。原来李奇早年丧偶，前妻遗下一男一女：男名保童，女即桂枝。李奇的续弦杨氏不贤，私通监生田旺，趁李奇贩马未归，将保童、桂枝逐赶在外。李奇回家不见儿女，拷问婢女春花，春花自缢身死。杨氏串通田旺，诬告李奇奸逼婢女致死，并用钱财贿赂前任县官，将李奇判为死罪。李奇在狱中又遭狱卒欺凌，生存无望，失声痛哭。桂枝见状焦急万端，只等丈夫赵宠回来替父申冤。,文件夹: 秦汉 | 页数: 7
hanju_0209,太行山.pdf,太行山,三打王英,,否,汉代,太行山,劝降；结义；威武不屈,权斗；孝义,历史演义；戏曲传统,汉剧'两汉故事'系列,整理本,二净；十杂；五丑；六外,姚刚（十杂）；王英（二净）；喽啰一（五丑）；喽啰二（六外）,姚刚；王英,二黄,倒板；二流,引；诗；念,姚刚因父被汉王所杀，反出朝廷，占据太行山为王，立下禁令：不许提及汉刘二字，违者重责。王英为劝姚刚下山报仇，不顾结拜之情，三次触犯禁令，被姚刚责打四十、八十棍，甚至被吊打，但王英威武不屈，执意劝返，最终令众人钦佩。,文件夹: 秦汉 | 页数: 8
hanju_0210,夺魁元.pdf,夺魁元,马武夺魁,,否,王莽篡位时期,教场,武举选拔；相貌歧视；愤而离去,权斗,历史演义,汉剧《两汉故事》系列,整理本,二净；三生；七小；十杂；六外；五丑,王奉（三生）；王莽（二净）；岑彭（七小）；马武（十杂）；裴通（六外）；魏显（三生或六外）；刘秀（七小）；胡干（五丑）,马武；岑彭,二黄,摇板,念；诗,王莽篡位后开科选拔武状元，岑彭与马武二人应试，文才武艺不相上下。经过多种比试，王莽因马武相貌不及岑彭，点岑彭为状元，马武气愤而去。,文件夹: 秦汉 | 页数: 9
hanju_0211,宇宙锋.pdf,宇宙锋,,,否,秦二世,赵相府；金殿,装疯抗婚；坚贞不屈；权奸逼嫁,权斗；孝义；讽世,历史演义；戏曲传统,汉剧传统戏；《汉剧剧本选·秦汉戏》（上）,整理本,四旦；九夫；二净；七小；五丑,赵艳容（四旦）；哑乳娘（九夫）；赵高（二净）；秦二世（七小）；门官（五丑）,赵艳容,西皮；二黄；反二黄,摇板；散板；夹板；反二流,引；诗；叫头,秦二世时，赵高与匡扶之父因“指鹿为马”结仇，赵高盗取御赐宝剑“宇宙锋”行刺二世，匡父被诛，匡扶得妻赵艳容相助逃出。赵高修本奏请免罪，适逢二世至赵府，见艳容貌美欲纳为妃。赵高逼女入宫，艳容坚贞不从，在哑乳娘暗示下装疯，从家中闹至金殿，戏弄赵高与二世，终保全名节。,文件夹: 秦汉 | 页数: 9
hanju_0212,广武山.pdf,广武山,,楚汉相争,是,秦末,荥阳；广武山,楚汉相争；救父；诱降,征战；权斗,历史演义,汉剧《楚汉相争》,整理本,一末；二净；三生；四旦；五丑；六外；七小；八贴；九夫；十杂,韩信（六外）；范增（一末）；刘邦（三生）；项羽（十杂）；章邯（六外）；张良（三生）；樊哙（十杂）；秦子婴（七小）；赵高（二净）；赵朗（五丑）；司马欣（七小）；英布；周勃；周冉；杨喜；曹参；王陵；随何；吕马童；宋子年；项伯；项庄；钟离昧,刘邦；项羽；韩信,西皮,原板；一字板；慢垛子；导板；散板,引；诗；念；叫头,鸿门宴后，楚汉交兵，项羽围攻荥阳，火焚纪信，拘禁刘太公。刘邦逃出后会合韩信，欲救太公，与项羽在广武山交战。项羽命太公修书诱降刘邦，刘邦接书后故作贪恋酒色，谢绝来使。韩信整顿人马，在广武山大败项羽。,文件夹: 秦汉 | 页数: 17
hanju_0213,打城隍.pdf,打城隍,,,否,秦代,城隍庙,逃避徭役；装神弄鬼；插科打诨,讽世,历史演义,,整理本,五丑,毛老大（五丑）；毛老二（五丑）；毛老三（五丑）,毛老大；毛老二；毛老三,,,念·赞子；念,秦始皇修长城征丁，毛氏三兄弟为逃避徭役，先后躲入城隍庙。老大扮城隍，老二扮判官，老三扮小鬼，试图蒙混过关。公差前来抓人，因找不到毛氏兄弟，怒打城隍、判官、小鬼泄愤。老二、老三趁机逃走，老大慌乱中被公差抓获。,文件夹: 秦汉 | 页数: 8
hanju_0214,扫青松.pdf,扫青松,,琵琶记,是,汉代,陈留郡,孝道；守墓；斥责不孝,孝义；讽世,古典文学,传统剧目《琵琶记》,整理本,一末；五丑,张广才（一末）；李旺（五丑）,张广才,平板,平板导板；平板；一字板,引；念；叫头,张广才受赵五娘之托看守蔡家老坟。差人李旺奉蔡伯喈之命前来迎接父母妻子，与张广才途中相遇。张广才告知李旺赵五娘如何行孝、二老已故、五娘寻夫上京，并历数蔡伯喈三不孝之罪。李旺解释蔡伯喈无奈之处，并转达蔡伯喈对张大公的思念，张广才转怒为喜，邀李旺至家中款待。,文件夹: 秦汉 | 页数: 13
hanju_0215,拷吉平.pdf,拷吉平,,,否,东汉末年,许都,忠义；除奸；下毒；拷打；血诏,权斗；复仇；孝义,历史演义,汉剧'两汉故事'系列,整理本,一末；三生；十杂；七小；四旦；五丑,董承（一末）；王子服（一末）；吴子兰（十杂）；马腾（三生）；吉平（三生）；献帝（七小）；董妃（四旦）；曹操（十杂）；张辽（七小）；苗庆（五丑）,吉平；曹操；董承,二黄；西皮,摇板；快板；原板；散板,引；诗；念；叫头,东汉末年，董承接献帝血诏，与王子服、吴子兰、马腾、吉平等共谋除曹。吉平借为曹操治病之机下毒，事泄被捕。曹操严刑拷打吉平，吉平宁死不招，触阶而死。苗庆因受责罚怀恨，向曹操告密并献上血诏。曹操遂杀董承、王子服、吴子兰，并带剑入宫绞死董妃。,文件夹: 秦汉 | 页数: 16
hanju_0216,探五阳.pdf,探五阳,,,否,东汉,二龙山；棘阳；枣阳；昆阳；湖阳；栗阳,寻访幼主；降汉；报恩；忠义,权斗；孝义；求贤,历史演义；戏曲传统,汉剧'东汉故事'系列,整理本,二净；四旦；八贴,王英（二净）；天仙公主（四旦）；卢安公主（八贴）,王英；天仙公主,二黄；西皮,小导板；二流；二黄导板；二黄摇板,引；诗；念；叫头；导板,汉光武帝死后，皇叔刘唐通敌，皇姑天仙公主保护太子刘庄外逃。敌将朱元龙与卢安公主四处搜捕，追至二龙山。盘踞二龙山的汉室忠臣子弟王英因光武帝诛戮功臣而反汉，见天仙公主被追，救其脱险。得知是皇姑后，王英欲报杀父之仇，但经天仙公主哀求，决心归汉。太子刘庄失散，王英奉命探听下落，走遍棘阳、枣阳、昆阳、湖阳、栗阳等地，最终混入敌营继续寻找。,文件夹: 秦汉 | 页数: 8
hanju_0217,描真容.pdf,描真容,,琵琶记,是,汉代,陈留郡,描画真容；进京寻夫；节孝,孝义；情爱,古典文学,传统戏《琵琶记》,整理本,四旦；一末,赵五娘（四旦）；张广才（一末）,赵五娘,二黄,三眼；二流；摇板；导板,引；诗；念；叫头；哭头；导板,赵五娘在公婆相继冻饿而死、无依无靠的情况下，决定进京寻找丈夫蔡伯喈。临行前，她描画了公婆的真容，准备带在路上早晚供奉。邻居张广才闻讯赶来，赠送路费并叮嘱她路上小心。赵五娘拜谢后，含泪告别公婆坟墓，踏上前往京都的路途。,文件夹: 秦汉 | 页数: 8
hanju_0218,斩李广.pdf,斩李广,李广催贡；李广三奏,庆阳图,是,周代,庆阳,忠良被害；奸臣进谗；反朝报仇,权斗；复仇；孝义,历史演义；戏曲传统,汉剧《庆阳图》中的一折,整理本,一末；三生；七小；九夫；四旦；五丑；十杂,袁文进（一末）；李广（三生）；周厉王（七小）；杨国母（九夫）；马妃（四旦）；马兰（五丑）；李刚（十杂）；李虎（十杂）,李广；李刚,西皮,慢板；二流；倒板；摇板；散板；一字板；快一字板,引；诗；念；叫头；导板,李广、李刚征淳于髡得胜回朝，周厉王设宴贺功。席间李刚嘲笑国舅马兰为“裙带官”，马兰怀恨在心，与妹马妃定计向厉王进谗。厉王听信谗言，命马兰监斩李广。杨后得知迫使厉王传旨赦免，马兰却先斩后奏。杨后痛责厉王后自尽。李刚闻讯率兵反朝，打死马兰，追杀厉王。厉王交出马妃，李刚打死马妃后收兵。,文件夹: 秦汉 | 页数: 22
hanju_0219,斩萧何.pdf,斩萧何,,,否,汉代,西京；骊山脚下；定国桥,造律；复仇；法治；挖目；开棺取律,权斗；复仇；孝义,历史演义；民间传说,汉剧“两汉故事”系列,整理本,一末；二净；三生；四旦；五丑；六外；七小；八贴；九夫；十杂,刘邦（三生）；蒯彻（六外）；萧何（一未）；戴明（七小）；宋玉（七小）；戴母（九夫）；戴妻（四旦）,戴明；萧何；蒯彻；戴妻,西皮,一字板；导板；慢西皮；摇板,引；诗；念；叫头,刘邦令萧何主考文才，书生戴明因评论人物被逐出府。蒯彻闻戴明歌声，知其为才士，嘱其造律书，并引荐面见刘邦。戴明造律书上下两卷，因扭头视母，按律自挖双目而死。戴妻持上卷律书至萧何门前叫卖，萧何得书后奉召上殿。刘邦见律书大加赞赏，询问下卷及著者，戴妻面陈。刘邦率众开棺取律，萧何开棺见“开棺则斩”四字。蒯彻、戴妻历数萧何罪行，要求按律处治。刘邦为维护法制，斩萧何首级，律书颁行天下。,文件夹: 秦汉 | 页数: 32
hanju_0220,昭君出塞.pdf,昭君出塞,,,否,汉代,雁门关；黑水江,和亲；思乡；怨恨奸臣,征战；权斗,历史演义；民间传说,20世纪50年代移植于昆曲,整理本,四旦；五丑,昭君（四旦）；王龙（五丑）,昭君,吹腔,,引；诗；念,汉元帝时，匈奴屡犯边境，汉朝难以全胜，遂采用和亲政策。王昭君被迫出塞和亲，怀抱琵琶，一路悲叹，思念故国。途中经过雁门关，见大雁南飞，更添愁绪。马夫劝慰，昭君仍难释怀。最终在番邦金鼓声中，昭君感叹如风筝断线，月沉海底，痛恨毛延寿毁容，无奈踏上和番之路。,文件夹: 秦汉 | 页数: 9
hanju_0221,未央宫.pdf,未央宫,斩韩信,,否,汉初,咸阳；云梦；未央宫,兔死狗烹；诛杀功臣；伪游云梦；竹刀杀韩信,权斗；复仇；征战,历史演义；民间传说,汉剧'两汉故事'系列,整理本,一末；二净；三生；四旦；五丑；六外；七小；八贴；九夫；十杂,陈平（三生）；刘邦（三生）；樊哙（十杂）；韩信（三生）；蒯彻（六外）；萧何（一末）；田肯（三生）；钟离昧（三生）；鲍英（七小）；吕后（四旦）；谢公著（五丑）,韩信；刘邦；吕后,二黄；西皮,慢板；二流；倒板；摇板；散板；一字板；快板；导板；回笼,引；诗；念；叫头；哭头；导板,刘邦登基后猜忌功臣，用陈平计伪游云梦擒韩信，削其兵权留居咸阳。陈豨反，刘邦亲征，韩信仆人谢公著因私通使女被责，伪造书信诬告韩信与陈豨同谋。吕后与萧何密议，以黄纱遮天、红毡铺地，在未央宫用竹刀杀死韩信。韩信临刑悔不听蒯彻劝告，叹兔死狗烹。,文件夹: 秦汉 | 页数: 29
hanju_0222,李大打更.pdf,李大打更,,,否,汉代,兴隆镇,避难；讨封；喜剧,权斗,历史演义,汉剧传统“五丑”“八贴”的“对子戏”，属“东汉演义”故事系列,整理本,五丑；八贴；七小,李大（五丑）；李凤姣（八贴）；李妻（八贴）；刘秀（七小）,李大；刘秀；李凤姣,西皮,慢板；一字板；散板；七句半,念；叫头,王莽篡位后画图追捕刘秀，刘秀逃至兴隆镇，投宿于李大店中。李大当夜打更，嘱刘秀勿离店。李大之妹李凤姣探知刘秀身份，当面讨封，与刘秀结为夫妇。李大打更归来，得知妹妹已获封，亦向刘秀讨封，被封为国舅。全剧以喜剧手法表现刘秀避难及李大兄妹讨封的故事。,文件夹: 秦汉 | 页数: 12
hanju_0223,李广催贡.pdf,李广催贡,,庆阳图,是,周朝,北海国,催贡；体恤民情；宽限缓贡,权斗；孝义,历史演义；戏曲传统,汉剧《庆阳图》中的一折,整理本,三生；五丑；二净；一末；十杂,李广（三生）；李福（五丑）；康罢（二净）；老朝臣（一末）；朝臣甲（十杂）,李广,二黄；西皮,慢三眼；慢板；慢垛子；一字板；摇板；快板；散板,引；诗；念,李广奉周厉王之命前往北海国催贡。北海国因连年灾荒，百姓困苦，已三年未进贡。北海国王苗太以礼相待，陈述国情，恳求宽限。李广见灾情严重，心生怜悯，最终答应宽限三年，并劝苗太以后继续进贡。苗太感激，赠宝相谢，李广辞别回朝。,文件夹: 秦汉 | 页数: 11
hanju_0224,淮河营.pdf,淮河营,,,否,西汉,淮河营；成皋；长安,忠奸斗争；认祖归宗；盗取宗卷,权斗；孝义,历史演义,汉剧传统剧目“西汉演义”故事系列之一,整理本,一末；二净；三生；五丑；十杂,李左车（一末）；蒯文通（二净）；田子春（三生）；栾布（五丑）；刘长（十杂）,蒯文通；刘长；田子春,西皮,一字板；原板；摇板,引；诗；念；叫头,吕后害死襄宫赵娘娘后，将赵子刘长收入正宫抚养。刘长长大，不知其为赵子。汉高祖死后，吕后日益骄横，蒯彻、李左车、栾布等人前往淮河营，向刘长言明其为赵子，欲激动其率兵回朝诛灭吕后。刘长不信，先后将李左车、栾布囚禁。蒯彻进营，以三项大罪激怒刘长，刘长仍不信，亦将其囚禁。田子春假扮道人，以刘长左脚缺大指等细节说服刘长，并自荐前往长安盗取真宗卷以证其身世。刘长信疑参半，派田子春盗卷，并以三老及田子为人质。,文件夹: 秦汉 | 页数: 23
hanju_0225,烹蒯彻.pdf,烹蒯彻,,,否,汉代,淮阴；金銮殿,装疯避祸；舌辩保命；兔死狗烹；忠义,权斗；复仇；讽世,历史演义,汉剧'两汉故事'系列,整理本,一末；二净；三生；四旦；五丑；六外；七小；八贴；九夫；十杂,蒯彻（六外）；贾斯文（五丑）；白眼窝（五丑）；刘邦（三生）；萧何（一末）；陆贾（六外）；樊哙（十杂）；陈平（三生）；韩信魂（三生）,蒯彻,西皮；二黄；平板,摇板；二流；导板；慢板；慢垛子；快垛子；一字板；快一字板,引；诗；念；叫头；哭头；导板；赞子,蒯彻曾为韩信谋士，劝其自立。韩信被杀后，蒯彻装疯避祸，却被陆贾识破并押送金殿。刘邦欲烹杀蒯彻，蒯彻先以桀犬吠尧自辩，继而历数韩信十大功劳，痛斥刘邦兔死狗烹。刘邦自惭，释放蒯彻并封侯，蒯彻辞官愿为韩信守墓。,文件夹: 秦汉 | 页数: 20
hanju_0226,男绑子.pdf,男绑子,,,否,东汉,洛阳,绑子上殿；剑劈国丈；顶荆赔罪,权斗；孝义,历史演义,汉剧“东汉故事”系列,整理本,三生；二净；十杂；四旦,刘秀（三生）；姚期（二净）；姚刚（十杂）；郭妃（四旦）；郭荣（二净）,姚期；姚刚；刘秀,二黄,摇板；慢二黄；二黄倒板；马蹄调；二黄转垛子,引；诗；念；叫头,大将姚刚平南有功，光武帝加封王位并赐銮驾游街。国丈郭荣心怀不服，与姚刚生隙。次日姚刚鸣金游街，闯过郭太师府门，双方口角，姚刚怒将郭荣剑劈府门。郭妃告御状，姚期绑子上殿请罪。光武帝碍于“姚不反汉，汉不斩姚”的诺言，将姚刚发往河北，并带姚期去西宫向郭妃顶荆赔罪。,文件夹: 秦汉 | 页数: 12
hanju_0227,盗宗卷.pdf,盗宗卷,火烧宗卷,,否,汉代,长安,盗卷；反吕；忠义,权斗；孝义,历史演义,汉剧'西汉演义'《楚汉争》之后的故事,整理本,一末；二净；三生；四旦；五丑；六外；七小；八贴；九夫；十杂,吕后（四旦）；陈平（六外）；张苍（一末）；张夫人（九夫）；张秀玉（七小）；田子春（三生）,张苍；陈平；田子春,西皮,摇板；一字板；倒板,引；诗；念；叫头,吕后欲夺刘氏江山，从御史大夫张苍手中诓到刘氏宗卷并焚毁。田子春奉淮河千岁之命潜入京城向左丞相陈平索要宗卷。陈平逼迫张苍交出宗卷，张苍无卷可交欲自尽，其子张秀玉告知早已预藏真卷，焚毁的是仿抄本。张苍大喜，交出宗卷，并与陈平、田子春合计反吕。,文件夹: 秦汉 | 页数: 22
hanju_0228,砖瓦窑.pdf,砖瓦窑,烧窑,,否,汉代,,逃难；封妃；讨封；误会,权斗；讽世,历史演义；戏曲传统,汉剧传统“两汉故事”之一,整理本,五丑；八贴；七小,殷师道（五丑）；殷丽华（八贴）；刘秀（七小）,殷师道；殷丽华；刘秀,西皮,散板,念,刘秀逃难至窑户殷丽华家中，殷兄师道烧窑回家，闻听闲言碎语，怀疑妹妹有私情，搜出刘秀欲拷打。丽华说明刘秀身份并告知已受封妃，师道转而向刘秀讨封。刘秀封师道为皇亲国戚，三人欢喜下场。,文件夹: 秦汉 | 页数: 7
hanju_0229,破洛阳.pdf,破洛阳,,,否,汉代,洛阳,苦肉计；诈降；攻城,征战；权斗,历史演义,汉剧传统“两汉戏”之一,整理本,三生；十杂；二净；六外,岑彭（三生）；马武（十杂）；刘秀（三生）；邓禹（三生）；苏献（六外）；王元（三生）；姚期（二净）,马武；岑彭；邓禹,西皮,摇板；一字板；倒板,念；诗；赞子,刘秀攻取洛阳，王莽部将苏献防守严密，城池久攻不下。军师邓禹假意重用岑彭，激怒马武。马武喧闹，被邓禹责打四十军棍并驱逐回山。途中马武悟出苦肉计，趁机诈降苏献。苏献中计开城，马武与岑彭、姚期里应外合，最终攻破洛阳，马武杀死苏献，岑彭杀死王元。,文件夹: 秦汉 | 页数: 17
hanju_0230,磐河桥.pdf,磐河桥,赵子龙下山,,否,汉献帝时期,冀州；磐河桥,争霸；救驾；投明主,征战；权斗；求贤,历史演义,汉剧传统戏,整理本,一末；二净；三生；五丑；七小；十杂,韩馥（一末）；袁绍（二净）；公孙瓒（三生）；刘备（三生）；关羽（三生）；公孙越（五丑）；田丰（五丑）；赵云（七小）；颜良（十杂）；文丑（十杂）；张飞（十杂）；严纲（十杂）,赵云；公孙瓒；袁绍,西皮,摇板；慢垛子,引；诗；念,汉献帝时，董卓专权，诸侯割据。冀州太守韩馥因兵微将寡，驰书袁绍求援。袁绍久欲夺冀州，假意应允，同时约公孙瓒夹攻，许诺平分土地。袁绍得冀州后，恐公孙瓒分利，密令颜良埋伏射死公孙瓒弟公孙越。公孙瓒兴兵报仇，于磐河桥被袁绍大将文丑杀败，危急时赵云救驾。后刘备、关羽、张飞赶来助阵，击败袁绍。赵云原在袁绍帐下牧马，因袁绍无忠君爱民之心，转投公孙瓒，最终与刘关张相遇。,文件夹: 秦汉 | 页数: 28
hanju_0231,窦老送子.pdf,窦老送子,,白兔记（又称刘知远白兔记）,是,五代,潼台关,忘本；教训；夫妻团聚,权斗；孝义,古典文学；戏曲传统,元“四大南戏”之一的《白兔记》；《六十种曲本》第二十二出《窦公送子》,整理本,七小；四旦；五丑；十杂,刘知远（七小）；夫人（四旦）；窦老（五丑）；中军（十杂）,刘知远；窦老,二黄；西皮,二流；摇板；倒板,引；诗；念；叫头,刘知远发迹后镇守潼台关，家乡窦老汉送其子咬脐郎前来。刘知远在窦老面前夸耀官职并告以另娶，窦老气愤，历数刘知远当年落魄、李三娘受苦及救子等事，将其教训一番。刘知远悔悟，决定接李三娘到任所共享安乐。,文件夹: 秦汉 | 页数: 9
hanju_0232,紫家庄.pdf,紫家庄,落庄,,是,东汉,紫家庄,结亲；退兵；复仇,权斗；情爱,历史演义,汉剧《两汉故事》系列,整理本,七小；八贴；三生,刘庄（七小）；紫金莲（八贴）；朱元龙（三生）,刘庄；紫金莲,二黄；西皮,二流；小导板,引；诗；念；叫头,东汉光武帝死后，皇叔刘唐通敌，皇姑天仙公主保护太子刘庄外逃，在二龙山失散。刘庄逃至紫家庄，紫金莲因父被光武帝杀害，欲杀刘庄报仇。丫鬟从中周旋，使二人结为夫妻。朱元龙率兵围困紫家庄，紫金莲用父亲遗像吓退敌军。,文件夹: 秦汉 | 页数: 11
hanju_0233,芦林会.pdf,芦林会,,跃鲤记,是,汉代,芦林,孝道；夫妻离别；冤屈,孝义；权斗,古典文学；戏曲传统,传奇《跃鲤记》的“芦林辩非”一折；汉剧传统本，流传本为余春衡、邓云凤、夏中侠演出本,整理本,一末；四旦,姜诗（一末）；庞氏（四旦）,姜诗；庞氏,二黄；平板,三眼平板；平板；二黄摇板,念；叫头；炮头,姜诗之妻庞三春因婆婆听信谗言被逐出家门。一日，庞三春在芦林拾柴时偶遇姜诗，二人争论被逐缘由。庞三春辩白自己并无不孝，姜诗虽念及夫妻情义，却因不敢违抗母命，最终含泪而别。,文件夹: 秦汉 | 页数: 11
hanju_0234,苏武牧羊.pdf,苏武牧羊,,,是,汉代,北海,忠义；牧羊；鸿雁寄书,权斗；孝义,历史演义；戏曲传统,汉剧《两汉故事》系列,整理本,一末；七小,苏武（一末）；黄石公（一末）；张良（七小）,苏武,二黄；西皮,慢板；二流；摇板；慢西皮；西皮垛子；西皮一字板；西皮摇板,引；诗；念；叫头,汉武帝年间，中郎将苏武奉旨出使匈奴，被单于扣留并劝降。苏武不从，被流放北海牧羊十九载，受尽艰辛。黄石公与张良赠以金丹，使其不死。后单于感其忠义，命人送苏武持旄节返回汉廷。,文件夹: 秦汉 | 页数: 7
hanju_0235,荥阳城.pdf,荥阳城,,楚汉相争,是,秦末,荥阳,替主解围；慷慨赴死；忠义,权斗；孝义,历史演义,汉剧《楚汉相争》,整理本,三生；十杂,纪信（三生）；刘邦（三生）；项羽（十杂）；张良（三生）,纪信；刘邦；项羽,西皮,原板；导板；一字板；垛子；快板；摇板,引；诗；念,刘邦被项羽围困在荥阳，张良以春秋逢丑父救齐顷公的故事激励纪信。纪信乔装成刘邦去见项羽，真刘邦乘隙逃走。项羽发现受骗后大怒，欲用火焚纪信，纪信慷慨赴死。,文件夹: 秦汉 | 页数: 32
hanju_0236,访韩信.pdf,访韩信,张良访信,,否,秦末,咸阳,访贤；弃暗投明；赠剑,求贤；权斗,历史演义；民间传说,汉剧'两汉故事'系列,整理本,一末；七小,张良（一末）；韩信（七小）,张良；韩信,西皮,慢板；摇板,引；诗；念,韩信胸怀韬略却不被项羽重用，屈居执戟郎，心怀怨恨。张良得知后，身背宝剑前往楚营探访，以卖剑为名劝说韩信弃楚投汉。韩信被说服，决定投奔刘邦，张良赠予元戎宝剑并写下荐书，指点其经小道度陈仓前往汉中。,文件夹: 秦汉 | 页数: 9
hanju_0237,逍遥津.pdf,逍遥津,,,否,东汉末年,许昌,权臣欺君；血诏搬兵；忠奸斗争,权斗；复仇,历史演义,汉剧'两汉故事'系列,整理本,三生；四旦；二旦；七小；一末；十杂；六外；二老生；五丑；贴生,献帝（三生）；伏后（四旦）；曹妃（二旦）；二皇子（七小）；穆顺（三生）；荀攸（一末）；曹操（十杂）；张辽（六外）；夏侯渊（十杂）；司马懿（二老生）；华歆（五丑）；贾诩（贴生）；郗虑（五丑）；王粲（三生）；曹植（七小）；文聘（六外）；伏完（一末）,献帝；曹操；伏后；穆顺,西皮；二黄,摇板；原板；垛子；倒板；二六板,引；诗；念；叫头,汉献帝懦弱，曹操专权。张辽欲扶保曹操登基，邀众臣议事，荀攸不服吐血而亡。早朝时曹操带剑上殿威胁献帝，被众臣劝退。献帝回宫与伏皇后商议，写下血诏命太监穆顺搬请救兵。穆顺出宫时被曹操搜出血诏，遭杀害。曹操随即抄杀伏完满门，入宫杖毙伏后，华歆用药酒毒死二位太子，并逼迫献帝立其女曹妃为正宫。,文件夹: 秦汉 | 页数: 20
hanju_0238,逼休.pdf,逼休,,烂柯山（又称朱买臣休妻）,是,汉代,会稽,嫌贫爱富；逼写休书；雪中赶夫,讽世；孝义,戏曲传统；历史演义,清代盛行之《烂柯山》（又称《朱买臣休妻》）中的一折，全本佚失，在《缀白裘》中载有其中的7折,整理本,六外；八贴,朱买臣（六外）；崔氏（八贴）,朱买臣；崔氏,西皮,慢板；摇板；一字板,引；诗；叫头；念,崔氏因家贫逼丈夫朱买臣写休书改嫁。朱买臣砍柴归来，崔氏嫌其贫穷，吵闹不休，逼其写下休书，并将朱买臣赶出家门。朱买臣无奈离去，崔氏则准备另嫁他人。,文件夹: 秦汉 | 页数: 11
hanju_0239,长生乐.pdf,长生乐,,,否,汉代,金銮殿,祝寿；仙凡；长生,神魔,民间传说,,,三生,刘成（三生）；汉灵帝（三生）,刘成；汉灵帝,二黄,慢二黄,引；诗；念,汉灵帝寿满百年，文武众官庆贺。七十年前的状元刘成，当年荣归祭祖途中被野兽冲散，得麻姑圣母搭救上天，与仙姬婚配，洞中七日世上七十余载。此时刘成奉圣母之命，携长生丹、斩仙帕回朝为灵帝祝寿。灵帝服用长生丹后发白转青、牙落重生，众官拜谢圣母，刘成辞别回山。,文件夹: 秦汉 | 页数: 4
hanju_0240,闹学馆.pdf,闹学馆,马武闹馆,,否,西汉末年,罗郡州,求贤访才；落草为寇；逼人上山,求贤；权斗,历史演义；戏曲传统,汉剧《两汉故事》系列,整理本,十杂；五丑；六外；一末,马武（十杂）；王滕（五丑）；冯彦（六外）；罗卜洞（一末）,马武,西皮,原板；摇板,念；诗,马武在武科场受辱后占据飞龙山，欲杀王莽但苦于无人相助，遂下山访卜人王滕，邀其饮酒并请其上山共谋大事。酒醉后与武士冯彦发生冲突，马武不敌，却爱慕冯彦武艺，请王滕说和，欲邀冯彦上山聚义，被冯彦驱逐。王滕建议马武杀人嫁祸于冯彦门前，迫使冯彦畏罪上山。马武遂杀王滕，将其首级挂在冯彦门前，留诗而去。,文件夹: 秦汉 | 页数: 27
hanju_0241,闹昆阳.pdf,闹昆阳,,,否,西汉末年,白水村；江夏；纪家庄；昆阳,搬兵求救；医疮报恩；打死李霸；纪昌立功,征战；权斗；复仇,历史演义；民间传说,汉剧传统“两汉戏”之一,整理本,一末；二净；三生；四旦；五丑；七小；十杂,刘秀（七小）；姚期（二净）；马武（十杂）；岑彭（七小）；邓禹（三生）；严子陵（一末）；纪魁元（五丑）；纪昌（娃娃生）；刘洪（三生）；李霸（十杂）；李全忠（七小）,刘秀；姚期；纪昌,西皮,导板；慢西皮；快西皮；西皮滚板；西皮快板,引；诗；念；叫头,刘秀在白水村兴兵讨伐王莽，被巨毋霸阻挡。严子陵献计向刘洪搬兵。途中，姚期为纪昌医好恶疮，纪昌感激愿投汉营。刘秀见刘洪，刘洪邀李霸商议，李霸倨傲，姚期不平将其打死。李全忠替父报仇，杀败姚期并穷追不舍，被投军的纪昌一拳打死，割舌报功。姚期随后取全忠首级报功，刘秀命马武验功，纪昌献舌根，姚期惭愧。最终夺取昆阳，众将贺功。,文件夹: 秦汉 | 页数: 22
hanju_0242,鸿门宴.pdf,鸿门宴,,楚汉相争,是,秦末,咸阳；鸿雁川,鸿门宴；楚汉相争；斗智斗勇；放虎归山,权斗；征战,历史演义,汉剧传统剧目《楚汉相争》中的一折,整理本,一末；二净；三生；四旦；五丑；六外；七小；八贴；九夫；十杂,楚怀王（六外）；范增（一末）；刘邦（三生）；项羽（十杂）；章邯（六外）；张良（三生）；樊哙（十杂）；秦子婴（七小）；赵高（二净）；赵朗（五丑）；司马欣（七小）,刘邦；项羽,西皮,导板；慢板；垛子；原板；一字板；散板；流板,引；诗；念,楚怀王与范增定计分两路攻取咸阳，项羽与刘邦拈阄决定路线，并遵约先到咸阳为君。刘邦先入咸阳，项羽后至，自恃强大，不愿遵约，用范增之计设宴鸿门，邀刘邦赴宴欲杀之。刘邦得张良、项伯、樊哙等人救助，最终脱险。,文件夹: 秦汉 | 页数: 51
hanju_0243,黄逼宫.pdf,黄逼宫,,,否,秦代,大郑宫；咸阳,搜宫杀院；嫪毐之乱；母子反目,权斗；复仇,历史演义,汉剧传统戏“三逼宫”之一,整理本,二净；六外；五丑；九夫,秦始皇（二净）；白起（六外）；嫪毐（五丑）；太后（九夫）,秦始皇,西皮,一字板；导板；摇板；快板；原板,引；诗；念；叫头,秦始皇与母后在宫中饮宴，白起听闻嫪毐酒后泄露与太后私通并生有二子，急报始皇。始皇大怒，率校尉搜宫杀院。嫪毐企图以玉玺搬兵对抗，事败被擒。始皇处死嫪毐，摔死二弟，将太后打入渭阳宫，并拟追究吕不韦。,文件夹: 秦汉 | 页数: 10
hanju_0244,龙凤旗.pdf,龙凤旗,,,否,汉代,长安,殿试夺魁；奸臣陷害；赐旗掌权,权斗；求贤,历史演义,西汉演义,整理本,一末；二净；三生；五丑,张文中（一末）；苗从善（二净）；胡金文（三生）；汉宣帝（五丑）；苗福（五丑）,胡金文；张文中；汉宣帝,西皮,摇板；散板；垛子；流板,引；诗；念,汉宣帝时，苗妃被贬后生下太子胡金文，在二龙山抚养。胡金文长大回京赶考错过考期，由老臣张文中引进金殿参加殿试，被点为状元，任职都察院。苗太师原兼都察院，妒忌胡金文，一再陷害。胡金文得张文中帮助，宣帝信任有加，赐龙凤旗、马蹄炮和尚方剑，掌生杀大权，苗太师从此不敢再害他。,文件夹: 秦汉 | 页数: 19
